filepath,label,source_type,speaker_id,template_id,duration,pii_type,value,text,is_outlier,prob
/home/hye0n/projects/cnn-based-audio-pii-classification/src/cnn/rev2/out/degraded/s43/g711_snr20/negative_hard_00005_spk06.wav,0,negative_hard,spk06,birth,4.4,,,확인을 위해 알려드립니다. 생일은 이월 일공일이에요.,False,0.20613954961299896
/home/hye0n/projects/cnn-based-audio-pii-classification/src/cnn/rev2/out/degraded/s43/g711_snr20/negative_hard_00009_spk10.wav,0,negative_hard,spk10,birth,3.6,,,생일은 오월 삼일이에요. 확인 부탁드립니다.,False,0.32206329703330994
/home/hye0n/projects/cnn-based-audio-pii-classification/src/cnn/rev2/out/degraded/s43/g711_snr20/negative_hard_00018_spk05.wav,0,negative_hard,spk05,birth,4.24,,,잠시 안내드립니다. 생일은 구월 이팔일이에요.,False,0.2510160803794861
/home/hye0n/projects/cnn-based-audio-pii-classification/src/cnn/rev2/out/degraded/s43/g711_snr20/negative_hard_00028_spk01.wav,0,negative_hard,spk01,birth,2.64,,,생일은 오월 구일이에요.,False,0.3847354054450989
/home/hye0n/projects/cnn-based-audio-pii-classification/src/cnn/rev2/out/degraded/s43/g711_snr20/negative_hard_00032_spk05.wav,0,negative_hard,spk05,birth,2.16,,,생일은 육월 이일일이에요.,False,0.4463956356048584
/home/hye0n/projects/cnn-based-audio-pii-classification/src/cnn/rev2/out/degraded/s43/g711_snr20/negative_hard_00067_spk12.wav,0,negative_hard,spk12,birth,3.84,,,생일은 사월 이삼일이에요. 확인 부탁드립니다.,False,0.27735868096351624
/home/hye0n/projects/cnn-based-audio-pii-classification/src/cnn/rev2/out/degraded/s43/g711_snr20/negative_hard_00087_spk04.wav,0,negative_hard,spk04,birth,4.24,,,생일은 일공월 일팔일이에요. 양해 부탁드립니다.,False,0.23255349695682526
/home/hye0n/projects/cnn-based-audio-pii-classification/src/cnn/rev2/out/degraded/s43/g711_snr20/negative_hard_00104_spk07.wav,0,negative_hard,spk07,birth,4.24,,,잠시 안내드립니다. 생일은 팔월 일일일이에요.,False,0.25444886088371277
/home/hye0n/projects/cnn-based-audio-pii-classification/src/cnn/rev2/out/degraded/s43/g711_snr20/negative_hard_00107_spk10.wav,0,negative_hard,spk10,birth,4.32,,,안내 말씀드립니다. 생일은 팔월 일이일이에요.,False,0.05589647218585014
/home/hye0n/projects/cnn-based-audio-pii-classification/src/cnn/rev2/out/degraded/s43/g711_snr20/negative_hard_00114_spk03.wav,0,negative_hard,spk03,birth,5.2,,,안내 말씀드립니다. 생일은 육월 이일이에요.,False,0.17029131948947906
/home/hye0n/projects/cnn-based-audio-pii-classification/src/cnn/rev2/out/degraded/s43/g711_snr20/negative_hard_00120_spk09.wav,0,negative_hard,spk09,birth,3.52,,,생일은 팔월 이공일이에요. 감사합니다.,False,0.4811522662639618
/home/hye0n/projects/cnn-based-audio-pii-classification/src/cnn/rev2/out/degraded/s43/g711_snr20/negative_hard_00128_spk03.wav,0,negative_hard,spk03,birth,4.72,,,잠시 안내드립니다. 생일은 일공월 일구일이에요.,False,0.45796605944633484
/home/hye0n/projects/cnn-based-audio-pii-classification/src/cnn/rev2/out/degraded/s43/g711_snr20/negative_hard_00148_spk09.wav,0,negative_hard,spk09,birth,2.4,,,생일은 일일월 일오일이에요.,False,0.3336646854877472
/home/hye0n/projects/cnn-based-audio-pii-classification/src/cnn/rev2/out/degraded/s43/g711_snr20/negative_hard_00152_spk13.wav,0,negative_hard,spk13,birth,4.8,,,확인을 위해 알려드립니다. 생일은 일이월 칠일이에요.,False,0.18227210640907288
/home/hye0n/projects/cnn-based-audio-pii-classification/src/cnn/rev2/out/degraded/s43/g711_snr20/negative_hard_00154_spk01.wav,0,negative_hard,spk01,birth,4.16,,,생일은 일공월 일일이에요. 확인 부탁드립니다.,False,0.20808199048042297
/home/hye0n/projects/cnn-based-audio-pii-classification/src/cnn/rev2/out/degraded/s43/g711_snr20/negative_hard_00155_spk02.wav,0,negative_hard,spk02,birth,4.32,,,생일은 육월 이공일이에요. 양해 부탁드립니다.,False,0.0676245465874672
/home/hye0n/projects/cnn-based-audio-pii-classification/src/cnn/rev2/out/degraded/s43/g711_snr20/negative_hard_00156_spk03.wav,0,negative_hard,spk03,birth,2.08,,,생일은 삼월 이오일이에요.,False,0.48992791771888733
/home/hye0n/projects/cnn-based-audio-pii-classification/src/cnn/rev2/out/degraded/s43/g711_snr20/negative_hard_00165_spk12.wav,0,negative_hard,spk12,birth,3.76,,,생일은 삼월 이팔일이에요. 양해 부탁드립니다.,False,0.19328878819942474
/home/hye0n/projects/cnn-based-audio-pii-classification/src/cnn/rev2/out/degraded/s43/g711_snr20/negative_hard_00166_spk13.wav,0,negative_hard,spk13,birth,3.84,,,생일은 오월 구일이에요. 감사합니다.,False,0.2788091003894806
/home/hye0n/projects/cnn-based-audio-pii-classification/src/cnn/rev2/out/degraded/s43/g711_snr20/negative_hard_00176_spk09.wav,0,negative_hard,spk09,birth,4.56,,,고객님께 안내드립니다. 생일은 팔월 이팔일이에요.,False,0.06589256972074509
/home/hye0n/projects/cnn-based-audio-pii-classification/src/cnn/rev2/out/degraded/s43/g711_snr20/negative_hard_00178_spk11.wav,0,negative_hard,spk11,birth,4.56,,,확인을 위해 알려드립니다. 생일은 구월 팔일이에요.,False,0.2204716056585312
/home/hye0n/projects/cnn-based-audio-pii-classification/src/cnn/rev2/out/degraded/s43/g711_snr20/negative_hard_00192_spk11.wav,0,negative_hard,spk11,birth,4.72,,,잠시 안내드립니다. 생일은 일이월 칠일이에요.,False,0.19418665766716003
/home/hye0n/projects/cnn-based-audio-pii-classification/src/cnn/rev2/out/degraded/s43/g711_snr20/negative_hard_00214_spk05.wav,0,negative_hard,spk05,birth,5.12,,,확인을 위해 알려드립니다. 생일은 일공월 일구일이에요.,False,0.48757725954055786
/home/hye0n/projects/cnn-based-audio-pii-classification/src/cnn/rev2/out/degraded/s43/g711_snr20/negative_hard_00246_spk09.wav,0,negative_hard,spk09,birth,3.28,,,생일은 일일월 일이일이에요. 참고 부탁드립니다.,False,0.3017212152481079
/home/hye0n/projects/cnn-based-audio-pii-classification/src/cnn/rev2/out/degraded/s43/g711_snr20/negative_hard_00249_spk12.wav,0,negative_hard,spk12,birth,3.36,,,생일은 팔월 일팔일이에요. 감사합니다.,False,0.36797261238098145
/home/hye0n/projects/cnn-based-audio-pii-classification/src/cnn/rev2/out/degraded/s43/g711_snr20/negative_hard_00255_spk04.wav,0,negative_hard,spk04,birth,4.64,,,확인을 위해 알려드립니다. 생일은 일이월 일구일이에요.,False,0.23485597968101501
/home/hye0n/projects/cnn-based-audio-pii-classification/src/cnn/rev2/out/degraded/s43/g711_snr20/negative_hard_00259_spk08.wav,0,negative_hard,spk08,birth,3.92,,,생일은 일이월 이삼일이에요. 양해 부탁드립니다.,False,0.3042870759963989
/home/hye0n/projects/cnn-based-audio-pii-classification/src/cnn/rev2/out/degraded/s43/g711_snr20/negative_hard_00267_spk02.wav,0,negative_hard,spk02,birth,4.48,,,생일은 칠월 이사일이에요. 양해 부탁드립니다.,False,0.062088653445243835
/home/hye0n/projects/cnn-based-audio-pii-classification/src/cnn/rev2/out/degraded/s43/g711_snr20/negative_hard_00281_spk02.wav,0,negative_hard,spk02,birth,4.88,,,고객님께 안내드립니다. 생일은 일일월 이일이에요.,False,0.25557541847229004
/home/hye0n/projects/cnn-based-audio-pii-classification/src/cnn/rev2/out/degraded/s43/g711_snr20/negative_hard_00285_spk06.wav,0,negative_hard,spk06,birth,5.12,,,생일은 팔월 이팔일이에요. 참고 부탁드립니다.,False,0.3380667567253113
/home/hye0n/projects/cnn-based-audio-pii-classification/src/cnn/rev2/out/degraded/s43/g711_snr20/negative_hard_00288_spk09.wav,0,negative_hard,spk09,birth,2.8,,,생일은 칠월 삼일이에요. 감사합니다.,False,0.2978532314300537
/home/hye0n/projects/cnn-based-audio-pii-classification/src/cnn/rev2/out/degraded/s43/g711_snr20/negative_hard_00296_spk03.wav,0,negative_hard,spk03,birth,4.4,,,생일은 삼월 칠일이에요. 양해 부탁드립니다.,False,0.2315717488527298
/home/hye0n/projects/cnn-based-audio-pii-classification/src/cnn/rev2/out/degraded/s43/g711_snr20/negative_hard_00305_spk12.wav,0,negative_hard,spk12,birth,2.4,,,생일은 팔월 일칠일이에요.,False,0.5465185046195984
/home/hye0n/projects/cnn-based-audio-pii-classification/src/cnn/rev2/out/degraded/s43/g711_snr20/negative_hard_00312_spk05.wav,0,negative_hard,spk05,birth,3.84,,,생일은 육월 이육일이에요. 참고 부탁드립니다.,False,0.5522512197494507
/home/hye0n/projects/cnn-based-audio-pii-classification/src/cnn/rev2/out/degraded/s43/g711_snr20/negative_hard_00313_spk06.wav,0,negative_hard,spk06,birth,4.48,,,안내 말씀드립니다. 생일은 삼월 이육일이에요.,False,0.11848375201225281
/home/hye0n/projects/cnn-based-audio-pii-classification/src/cnn/rev2/out/degraded/s43/g711_snr20/negative_hard_00318_spk11.wav,0,negative_hard,spk11,birth,4.96,,,생일은 일일월 이사일이에요. 참고 부탁드립니다.,False,0.3242648243904114
/home/hye0n/projects/cnn-based-audio-pii-classification/src/cnn/rev2/out/degraded/s43/g711_snr20/negative_hard_00328_spk07.wav,0,negative_hard,spk07,birth,4.32,,,생일은 일월 일육일이에요. 확인 부탁드립니다.,False,0.2024097889661789
/home/hye0n/projects/cnn-based-audio-pii-classification/src/cnn/rev2/out/degraded/s43/g711_snr20/negative_hard_00332_spk11.wav,0,negative_hard,spk11,birth,4.48,,,안내 말씀드립니다. 생일은 이월 이일일이에요.,False,0.29524415731430054
/home/hye0n/projects/cnn-based-audio-pii-classification/src/cnn/rev2/out/degraded/s43/g711_snr20/negative_hard_00338_spk03.wav,0,negative_hard,spk03,birth,4.32,,,잠시 안내드립니다. 생일은 일공월 이육일이에요.,False,0.3576771914958954
/home/hye0n/projects/cnn-based-audio-pii-classification/src/cnn/rev2/out/degraded/s43/g711_snr20/negative_hard_00346_spk11.wav,0,negative_hard,spk11,birth,4.64,,,확인을 위해 알려드립니다. 생일은 삼월 육일이에요.,False,0.2839525640010834
/home/hye0n/projects/cnn-based-audio-pii-classification/src/cnn/rev2/out/degraded/s43/g711_snr20/negative_hard_00358_spk09.wav,0,negative_hard,spk09,birth,3.84,,,생일은 팔월 이오일이에요. 참고 부탁드립니다.,False,0.2240617871284485
/home/hye0n/projects/cnn-based-audio-pii-classification/src/cnn/rev2/out/degraded/s43/g711_snr20/negative_hard_00368_spk05.wav,0,negative_hard,spk05,birth,4.24,,,생일은 육월 일사일이에요. 양해 부탁드립니다.,False,0.30054062604904175
/home/hye0n/projects/cnn-based-audio-pii-classification/src/cnn/rev2/out/degraded/s43/g711_snr20/negative_hard_00370_spk07.wav,0,negative_hard,spk07,birth,3.92,,,생일은 일공월 이이일이에요. 감사합니다.,False,0.5016202926635742
/home/hye0n/projects/cnn-based-audio-pii-classification/src/cnn/rev2/out/degraded/s43/g711_snr20/negative_hard_00371_spk08.wav,0,negative_hard,spk08,birth,4.08,,,생일은 오월 일구일이에요. 참고 부탁드립니다.,False,0.5462085008621216
/home/hye0n/projects/cnn-based-audio-pii-classification/src/cnn/rev2/out/degraded/s43/g711_snr20/negative_hard_00378_spk01.wav,0,negative_hard,spk01,birth,3.76,,,생일은 육월 오일이에요. 양해 부탁드립니다.,False,0.16463129222393036
/home/hye0n/projects/cnn-based-audio-pii-classification/src/cnn/rev2/out/degraded/s43/g711_snr20/negative_hard_00385_spk08.wav,0,negative_hard,spk08,birth,3.44,,,생일은 구월 일일일이에요. 감사합니다.,False,0.4967130720615387
/home/hye0n/projects/cnn-based-audio-pii-classification/src/cnn/rev2/out/degraded/s43/g711_snr20/negative_hard_00389_spk12.wav,0,negative_hard,spk12,birth,4.16,,,잠시 안내드립니다. 생일은 이월 이일일이에요.,False,0.16668350994586945
/home/hye0n/projects/cnn-based-audio-pii-classification/src/cnn/rev2/out/degraded/s43/g711_snr20/negative_hard_00390_spk13.wav,0,negative_hard,spk13,birth,4.64,,,확인을 위해 알려드립니다. 생일은 일이월 이일일이에요.,False,0.14143456518650055
/home/hye0n/projects/cnn-based-audio-pii-classification/src/cnn/rev2/out/degraded/s43/g711_snr20/negative_hard_00391_spk14.wav,0,negative_hard,spk14,birth,3.76,,,생일은 이월 이공일이에요. 감사합니다.,False,0.18987566232681274
/home/hye0n/projects/cnn-based-audio-pii-classification/src/cnn/rev2/out/degraded/s43/g711_snr20/negative_hard_00401_spk10.wav,0,negative_hard,spk10,birth,3.92,,,안내 말씀드립니다. 생일은 이월 구일이에요.,False,0.04345942288637161
/home/hye0n/projects/cnn-based-audio-pii-classification/src/cnn/rev2/out/degraded/s43/g711_snr20/negative_hard_00408_spk03.wav,0,negative_hard,spk03,birth,4.72,,,생일은 일일월 일이일이에요. 감사합니다.,False,0.16151991486549377
/home/hye0n/projects/cnn-based-audio-pii-classification/src/cnn/rev2/out/degraded/s43/g711_snr20/negative_hard_00414_spk09.wav,0,negative_hard,spk09,birth,4.32,,,확인을 위해 알려드립니다. 생일은 사월 일공일이에요.,False,0.14938081800937653
/home/hye0n/projects/cnn-based-audio-pii-classification/src/cnn/rev2/out/degraded/s43/g711_snr20/negative_hard_00418_spk13.wav,0,negative_hard,spk13,birth,3.68,,,확인을 위해 알려드립니다. 생일은 구월 이팔일이에요.,False,0.3873732388019562
/home/hye0n/projects/cnn-based-audio-pii-classification/src/cnn/rev2/out/degraded/s43/g711_snr20/negative_hard_00419_spk14.wav,0,negative_hard,spk14,birth,4.72,,,확인을 위해 알려드립니다. 생일은 일공월 일삼일이에요.,False,0.13954491913318634
/home/hye0n/projects/cnn-based-audio-pii-classification/src/cnn/rev2/out/degraded/s43/g711_snr20/negative_hard_00446_spk13.wav,0,negative_hard,spk13,birth,3.44,,,생일은 팔월 이사일이에요. 감사합니다.,False,0.29701751470565796
/home/hye0n/projects/cnn-based-audio-pii-classification/src/cnn/rev2/out/degraded/s43/g711_snr20/negative_hard_00448_spk01.wav,0,negative_hard,spk01,birth,4.48,,,확인을 위해 알려드립니다. 생일은 일일월 오일이에요.,False,0.13989081978797913
/home/hye0n/projects/cnn-based-audio-pii-classification/src/cnn/rev2/out/degraded/s43/g711_snr20/negative_hard_00007_spk08.wav,0,negative_hard,spk08,count,4.32,,,하나 둘 셋 넷 다섯 여섯 일곱. 확인 부탁드립니다.,False,0.08721909672021866
/home/hye0n/projects/cnn-based-audio-pii-classification/src/cnn/rev2/out/degraded/s43/g711_snr20/negative_hard_00012_spk13.wav,0,negative_hard,spk13,count,3.68,,,하나 둘 셋 넷 다섯 여섯 일곱. 확인 부탁드립니다.,False,0.06886954605579376
/home/hye0n/projects/cnn-based-audio-pii-classification/src/cnn/rev2/out/degraded/s43/g711_snr20/negative_hard_00021_spk08.wav,0,negative_hard,spk08,count,4.16,,,하나 둘 셋 넷 다섯 여섯 일곱. 감사합니다.,False,0.33669742941856384
/home/hye0n/projects/cnn-based-audio-pii-classification/src/cnn/rev2/out/degraded/s43/g711_snr20/negative_hard_00022_spk09.wav,0,negative_hard,spk09,count,5.44,,,확인을 위해 알려드립니다. 하나 둘 셋 넷 다섯 여섯 일곱.,False,0.11583972722291946
/home/hye0n/projects/cnn-based-audio-pii-classification/src/cnn/rev2/out/degraded/s43/g711_snr20/negative_hard_00034_spk07.wav,0,negative_hard,spk07,count,5.12,,,안내 말씀드립니다. 하나 둘 셋 넷 다섯 여섯 일곱.,False,0.22183337807655334
/home/hye0n/projects/cnn-based-audio-pii-classification/src/cnn/rev2/out/degraded/s43/g711_snr20/negative_hard_00042_spk01.wav,0,negative_hard,spk01,count,3.04,,,하나 둘 셋 넷 다섯 여섯 일곱.,False,0.5720725655555725
/home/hye0n/projects/cnn-based-audio-pii-classification/src/cnn/rev2/out/degraded/s43/g711_snr20/negative_hard_00047_spk06.wav,0,negative_hard,spk06,count,2.72,,,안내 말씀드립니다. 하나 둘 셋 넷 다섯 여섯 일곱.,False,0.37398433685302734
/home/hye0n/projects/cnn-based-audio-pii-classification/src/cnn/rev2/out/degraded/s43/g711_snr20/negative_hard_00052_spk11.wav,0,negative_hard,spk11,count,4.64,,,하나 둘 셋 넷 다섯 여섯 일곱. 양해 부탁드립니다.,False,0.09111622720956802
/home/hye0n/projects/cnn-based-audio-pii-classification/src/cnn/rev2/out/degraded/s43/g711_snr20/negative_hard_00068_spk13.wav,0,negative_hard,spk13,count,4.4,,,하나 둘 셋 넷 다섯 여섯 일곱. 감사합니다.,False,0.020665936172008514
/home/hye0n/projects/cnn-based-audio-pii-classification/src/cnn/rev2/out/degraded/s43/g711_snr20/negative_hard_00069_spk14.wav,0,negative_hard,spk14,count,3.12,,,하나 둘 셋 넷 다섯 여섯 일곱.,False,0.4415815770626068
/home/hye0n/projects/cnn-based-audio-pii-classification/src/cnn/rev2/out/degraded/s43/g711_snr20/negative_hard_00079_spk10.wav,0,negative_hard,spk10,count,2.48,,,하나 둘 셋 넷 다섯 여섯 일곱.,False,0.3506464660167694
/home/hye0n/projects/cnn-based-audio-pii-classification/src/cnn/rev2/out/degraded/s43/g711_snr20/negative_hard_00097_spk14.wav,0,negative_hard,spk14,count,4.64,,,하나 둘 셋 넷 다섯 여섯 일곱. 확인 부탁드립니다.,False,0.14076925814151764
/home/hye0n/projects/cnn-based-audio-pii-classification/src/cnn/rev2/out/degraded/s43/g711_snr20/negative_hard_00105_spk08.wav,0,negative_hard,spk08,count,3.92,,,하나 둘 셋 넷 다섯 여섯 일곱. 감사합니다.,False,0.4337243139743805
/home/hye0n/projects/cnn-based-audio-pii-classification/src/cnn/rev2/out/degraded/s43/g711_snr20/negative_hard_00109_spk12.wav,0,negative_hard,spk12,count,5.04,,,하나 둘 셋 넷 다섯 여섯 일곱. 참고 부탁드립니다.,False,0.11237047612667084
/home/hye0n/projects/cnn-based-audio-pii-classification/src/cnn/rev2/out/degraded/s43/g711_snr20/negative_hard_00124_spk13.wav,0,negative_hard,spk13,count,4.64,,,잠시 안내드립니다. 하나 둘 셋 넷 다섯 여섯 일곱.,False,0.028042323887348175
/home/hye0n/projects/cnn-based-audio-pii-classification/src/cnn/rev2/out/degraded/s43/g711_snr20/negative_hard_00127_spk02.wav,0,negative_hard,spk02,count,5.52,,,확인을 위해 알려드립니다. 하나 둘 셋 넷 다섯 여섯 일곱.,False,0.14488418400287628
/home/hye0n/projects/cnn-based-audio-pii-classification/src/cnn/rev2/out/degraded/s43/g711_snr20/negative_hard_00130_spk05.wav,0,negative_hard,spk05,count,4.72,,,하나 둘 셋 넷 다섯 여섯 일곱. 확인 부탁드립니다.,False,0.41794681549072266
/home/hye0n/projects/cnn-based-audio-pii-classification/src/cnn/rev2/out/degraded/s43/g711_snr20/negative_hard_00134_spk09.wav,0,negative_hard,spk09,count,4.16,,,하나 둘 셋 넷 다섯 여섯 일곱. 감사합니다.,False,0.2559416592121124
/home/hye0n/projects/cnn-based-audio-pii-classification/src/cnn/rev2/out/degraded/s43/g711_snr20/negative_hard_00135_spk10.wav,0,negative_hard,spk10,count,4.88,,,고객님께 안내드립니다. 하나 둘 셋 넷 다섯 여섯 일곱.,False,0.04378531500697136
/home/hye0n/projects/cnn-based-audio-pii-classification/src/cnn/rev2/out/degraded/s43/g711_snr20/negative_hard_00139_spk14.wav,0,negative_hard,spk14,count,4.24,,,안내 말씀드립니다. 하나 둘 셋 넷 다섯 여섯 일곱.,False,0.20321758091449738
/home/hye0n/projects/cnn-based-audio-pii-classification/src/cnn/rev2/out/degraded/s43/g711_snr20/negative_hard_00141_spk02.wav,0,negative_hard,spk02,count,4.56,,,잠시 안내드립니다. 하나 둘 셋 넷 다섯 여섯 일곱.,False,0.13075804710388184
/home/hye0n/projects/cnn-based-audio-pii-classification/src/cnn/rev2/out/degraded/s43/g711_snr20/negative_hard_00147_spk08.wav,0,negative_hard,spk08,count,5.04,,,확인을 위해 알려드립니다. 하나 둘 셋 넷 다섯 여섯 일곱.,False,0.5183886885643005
/home/hye0n/projects/cnn-based-audio-pii-classification/src/cnn/rev2/out/degraded/s43/g711_snr20/negative_hard_00163_spk10.wav,0,negative_hard,spk10,count,3.84,,,하나 둘 셋 넷 다섯 여섯 일곱. 양해 부탁드립니다.,False,0.1385742425918579
/home/hye0n/projects/cnn-based-audio-pii-classification/src/cnn/rev2/out/degraded/s43/g711_snr20/negative_hard_00173_spk06.wav,0,negative_hard,spk06,count,4.0,,,하나 둘 셋 넷 다섯 여섯 일곱. 감사합니다.,False,0.03130291402339935
/home/hye0n/projects/cnn-based-audio-pii-classification/src/cnn/rev2/out/degraded/s43/g711_snr20/negative_hard_00183_spk02.wav,0,negative_hard,spk02,count,4.88,,,하나 둘 셋 넷 다섯 여섯 일곱. 감사합니다.,False,0.1582057774066925
/home/hye0n/projects/cnn-based-audio-pii-classification/src/cnn/rev2/out/degraded/s43/g711_snr20/negative_hard_00196_spk01.wav,0,negative_hard,spk01,count,2.88,,,하나 둘 셋 넷 다섯 여섯 일곱.,False,0.5222566723823547
/home/hye0n/projects/cnn-based-audio-pii-classification/src/cnn/rev2/out/degraded/s43/g711_snr20/negative_hard_00197_spk02.wav,0,negative_hard,spk02,count,5.2,,,하나 둘 셋 넷 다섯 여섯 일곱. 감사합니다.,False,0.10012570023536682
/home/hye0n/projects/cnn-based-audio-pii-classification/src/cnn/rev2/out/degraded/s43/g711_snr20/negative_hard_00204_spk09.wav,0,negative_hard,spk09,count,4.24,,,하나 둘 셋 넷 다섯 여섯 일곱. 감사합니다.,False,0.1059010699391365
/home/hye0n/projects/cnn-based-audio-pii-classification/src/cnn/rev2/out/degraded/s43/g711_snr20/negative_hard_00212_spk03.wav,0,negative_hard,spk03,count,3.04,,,하나 둘 셋 넷 다섯 여섯 일곱.,False,0.49586397409439087
/home/hye0n/projects/cnn-based-audio-pii-classification/src/cnn/rev2/out/degraded/s43/g711_snr20/negative_hard_00237_spk14.wav,0,negative_hard,spk14,count,5.2,,,하나 둘 셋 넷 다섯 여섯 일곱. 확인 부탁드립니다.,False,0.29703521728515625
/home/hye0n/projects/cnn-based-audio-pii-classification/src/cnn/rev2/out/degraded/s43/g711_snr20/negative_hard_00242_spk05.wav,0,negative_hard,spk05,count,2.64,,,하나 둘 셋 넷 다섯 여섯 일곱.,False,0.46216922998428345
/home/hye0n/projects/cnn-based-audio-pii-classification/src/cnn/rev2/out/degraded/s43/g711_snr20/negative_hard_00244_spk07.wav,0,negative_hard,spk07,count,2.96,,,하나 둘 셋 넷 다섯 여섯 일곱.,False,0.45678335428237915
/home/hye0n/projects/cnn-based-audio-pii-classification/src/cnn/rev2/out/degraded/s43/g711_snr20/negative_hard_00251_spk14.wav,0,negative_hard,spk14,count,4.72,,,하나 둘 셋 넷 다섯 여섯 일곱. 참고 부탁드립니다.,False,0.35802894830703735
/home/hye0n/projects/cnn-based-audio-pii-classification/src/cnn/rev2/out/degraded/s43/g711_snr20/negative_hard_00253_spk02.wav,0,negative_hard,spk02,count,4.64,,,안내 말씀드립니다. 하나 둘 셋 넷 다섯 여섯 일곱.,False,0.08276824653148651
/home/hye0n/projects/cnn-based-audio-pii-classification/src/cnn/rev2/out/degraded/s43/g711_snr20/negative_hard_00258_spk07.wav,0,negative_hard,spk07,count,4.16,,,하나 둘 셋 넷 다섯 여섯 일곱. 확인 부탁드립니다.,False,0.5758698582649231
/home/hye0n/projects/cnn-based-audio-pii-classification/src/cnn/rev2/out/degraded/s43/g711_snr20/negative_hard_00261_spk10.wav,0,negative_hard,spk10,count,4.64,,,잠시 안내드립니다. 하나 둘 셋 넷 다섯 여섯 일곱.,False,0.0682411938905716
/home/hye0n/projects/cnn-based-audio-pii-classification/src/cnn/rev2/out/degraded/s43/g711_snr20/negative_hard_00263_spk12.wav,0,negative_hard,spk12,count,2.48,,,하나 둘 셋 넷 다섯 여섯 일곱.,False,0.39012429118156433
/home/hye0n/projects/cnn-based-audio-pii-classification/src/cnn/rev2/out/degraded/s43/g711_snr20/negative_hard_00293_spk14.wav,0,negative_hard,spk14,count,3.84,,,하나 둘 셋 넷 다섯 여섯 일곱. 감사합니다.,False,0.2154841274023056
/home/hye0n/projects/cnn-based-audio-pii-classification/src/cnn/rev2/out/degraded/s43/g711_snr20/negative_hard_00298_spk05.wav,0,negative_hard,spk05,count,2.96,,,하나 둘 셋 넷 다섯 여섯 일곱.,False,0.45061057806015015
/home/hye0n/projects/cnn-based-audio-pii-classification/src/cnn/rev2/out/degraded/s43/g711_snr20/negative_hard_00299_spk06.wav,0,negative_hard,spk06,count,3.6,,,하나 둘 셋 넷 다섯 여섯 일곱. 감사합니다.,False,0.05488293990492821
/home/hye0n/projects/cnn-based-audio-pii-classification/src/cnn/rev2/out/degraded/s43/g711_snr20/negative_hard_00301_spk08.wav,0,negative_hard,spk08,count,3.6,,,하나 둘 셋 넷 다섯 여섯 일곱. 감사합니다.,False,0.5667095184326172
/home/hye0n/projects/cnn-based-audio-pii-classification/src/cnn/rev2/out/degraded/s43/g711_snr20/negative_hard_00306_spk13.wav,0,negative_hard,spk13,count,5.04,,,확인을 위해 알려드립니다. 하나 둘 셋 넷 다섯 여섯 일곱.,False,0.34179848432540894
/home/hye0n/projects/cnn-based-audio-pii-classification/src/cnn/rev2/out/degraded/s43/g711_snr20/negative_hard_00308_spk01.wav,0,negative_hard,spk01,count,4.8,,,하나 둘 셋 넷 다섯 여섯 일곱. 확인 부탁드립니다.,False,0.48049402236938477
/home/hye0n/projects/cnn-based-audio-pii-classification/src/cnn/rev2/out/degraded/s43/g711_snr20/negative_hard_00322_spk01.wav,0,negative_hard,spk01,count,4.32,,,하나 둘 셋 넷 다섯 여섯 일곱. 확인 부탁드립니다.,False,0.0925351083278656
/home/hye0n/projects/cnn-based-audio-pii-classification/src/cnn/rev2/out/degraded/s43/g711_snr20/negative_hard_00337_spk02.wav,0,negative_hard,spk02,count,4.32,,,하나 둘 셋 넷 다섯 여섯 일곱. 확인 부탁드립니다.,False,0.09934103488922119
/home/hye0n/projects/cnn-based-audio-pii-classification/src/cnn/rev2/out/degraded/s43/g711_snr20/negative_hard_00352_spk03.wav,0,negative_hard,spk03,count,4.48,,,하나 둘 셋 넷 다섯 여섯 일곱. 참고 부탁드립니다.,False,0.2684606611728668
/home/hye0n/projects/cnn-based-audio-pii-classification/src/cnn/rev2/out/degraded/s43/g711_snr20/negative_hard_00353_spk04.wav,0,negative_hard,spk04,count,2.96,,,하나 둘 셋 넷 다섯 여섯 일곱.,False,0.36747071146965027
/home/hye0n/projects/cnn-based-audio-pii-classification/src/cnn/rev2/out/degraded/s43/g711_snr20/negative_hard_00373_spk10.wav,0,negative_hard,spk10,count,2.4,,,하나 둘 셋 넷 다섯 여섯 일곱.,False,0.4461091160774231
/home/hye0n/projects/cnn-based-audio-pii-classification/src/cnn/rev2/out/degraded/s43/g711_snr20/negative_hard_00406_spk01.wav,0,negative_hard,spk01,count,4.64,,,하나 둘 셋 넷 다섯 여섯 일곱. 감사합니다.,False,0.19304394721984863
/home/hye0n/projects/cnn-based-audio-pii-classification/src/cnn/rev2/out/degraded/s43/g711_snr20/negative_hard_00430_spk11.wav,0,negative_hard,spk11,count,3.76,,,하나 둘 셋 넷 다섯 여섯 일곱. 감사합니다.,False,0.46643003821372986
/home/hye0n/projects/cnn-based-audio-pii-classification/src/cnn/rev2/out/degraded/s43/g711_snr20/negative_hard_00439_spk06.wav,0,negative_hard,spk06,count,17.04,,,하나 둘 셋 넷 다섯 여섯 일곱. 양해 부탁드립니다.,False,0.03330259770154953
/home/hye0n/projects/cnn-based-audio-pii-classification/src/cnn/rev2/out/degraded/s43/g711_snr20/negative_hard_00440_spk07.wav,0,negative_hard,spk07,count,3.92,,,하나 둘 셋 넷 다섯 여섯 일곱. 참고 부탁드립니다.,False,0.49920400977134705
/home/hye0n/projects/cnn-based-audio-pii-classification/src/cnn/rev2/out/degraded/s43/g711_snr20/negative_hard_00001_spk02.wav,0,negative_hard,spk02,invoice,4.88,,,송장번호는 일팔일오 구구칠공입니다. 감사합니다.,False,0.07961880415678024
/home/hye0n/projects/cnn-based-audio-pii-classification/src/cnn/rev2/out/degraded/s43/g711_snr20/negative_hard_00002_spk03.wav,0,negative_hard,spk03,invoice,5.68,,,잠시 안내드립니다. 송장번호는 공일오삼 삼육팔팔입니다.,False,0.6327806115150452
/home/hye0n/projects/cnn-based-audio-pii-classification/src/cnn/rev2/out/degraded/s43/g711_snr20/negative_hard_00011_spk12.wav,0,negative_hard,spk12,invoice,4.72,,,송장번호는 이삼삼이 공육일육입니다. 참고 부탁드립니다.,False,0.06743966042995453
/home/hye0n/projects/cnn-based-audio-pii-classification/src/cnn/rev2/out/degraded/s43/g711_snr20/negative_hard_00014_spk01.wav,0,negative_hard,spk01,invoice,5.52,,,송장번호는 이구구구 일일구일입니다. 양해 부탁드립니다.,False,0.09642057120800018
/home/hye0n/projects/cnn-based-audio-pii-classification/src/cnn/rev2/out/degraded/s43/g711_snr20/negative_hard_00035_spk08.wav,0,negative_hard,spk08,invoice,5.92,,,확인을 위해 알려드립니다. 송장번호는 구육육육 육칠육공입니다.,False,0.3713129758834839
/home/hye0n/projects/cnn-based-audio-pii-classification/src/cnn/rev2/out/degraded/s43/g711_snr20/negative_hard_00056_spk01.wav,0,negative_hard,spk01,invoice,5.6,,,잠시 안내드립니다. 송장번호는 칠칠일육 칠공일사입니다.,False,0.5037664175033569
/home/hye0n/projects/cnn-based-audio-pii-classification/src/cnn/rev2/out/degraded/s43/g711_snr20/negative_hard_00070_spk01.wav,0,negative_hard,spk01,invoice,3.76,,,송장번호는 칠공팔공 팔육구칠입니다.,False,0.5101595520973206
/home/hye0n/projects/cnn-based-audio-pii-classification/src/cnn/rev2/out/degraded/s43/g711_snr20/negative_hard_00071_spk02.wav,0,negative_hard,spk02,invoice,5.84,,,잠시 안내드립니다. 송장번호는 구이이일 육구구오입니다.,False,0.3543482720851898
/home/hye0n/projects/cnn-based-audio-pii-classification/src/cnn/rev2/out/degraded/s43/g711_snr20/negative_hard_00075_spk06.wav,0,negative_hard,spk06,invoice,3.92,,,송장번호는 팔팔오일 오팔칠구입니다. 감사합니다.,False,0.2126513123512268
/home/hye0n/projects/cnn-based-audio-pii-classification/src/cnn/rev2/out/degraded/s43/g711_snr20/negative_hard_00084_spk01.wav,0,negative_hard,spk01,invoice,5.68,,,송장번호는 팔일육공 육사팔사입니다. 양해 부탁드립니다.,False,0.1962081640958786
/home/hye0n/projects/cnn-based-audio-pii-classification/src/cnn/rev2/out/degraded/s43/g711_snr20/negative_hard_00095_spk12.wav,0,negative_hard,spk12,invoice,4.56,,,송장번호는 팔팔공일 삼삼육일입니다. 감사합니다.,False,0.08414656668901443
/home/hye0n/projects/cnn-based-audio-pii-classification/src/cnn/rev2/out/degraded/s43/g711_snr20/negative_hard_00100_spk03.wav,0,negative_hard,spk03,invoice,5.12,,,송장번호는 사오공팔 팔이일공입니다. 확인 부탁드립니다.,False,0.6083495020866394
/home/hye0n/projects/cnn-based-audio-pii-classification/src/cnn/rev2/out/degraded/s43/g711_snr20/negative_hard_00106_spk09.wav,0,negative_hard,spk09,invoice,5.52,,,고객님께 안내드립니다. 송장번호는 공오삼삼 육사오이입니다.,False,0.390768826007843
/home/hye0n/projects/cnn-based-audio-pii-classification/src/cnn/rev2/out/degraded/s43/g711_snr20/negative_hard_00108_spk11.wav,0,negative_hard,spk11,invoice,4.64,,,송장번호는 구일사이 팔삼사일입니다. 확인 부탁드립니다.,False,0.30089661478996277
/home/hye0n/projects/cnn-based-audio-pii-classification/src/cnn/rev2/out/degraded/s43/g711_snr20/negative_hard_00112_spk01.wav,0,negative_hard,spk01,invoice,5.28,,,송장번호는 칠팔팔일 육오팔공입니다. 참고 부탁드립니다.,False,0.5301288366317749
/home/hye0n/projects/cnn-based-audio-pii-classification/src/cnn/rev2/out/degraded/s43/g711_snr20/negative_hard_00121_spk10.wav,0,negative_hard,spk10,invoice,4.8,,,송장번호는 삼일팔사 삼이이이입니다. 확인 부탁드립니다.,False,0.09636747092008591
/home/hye0n/projects/cnn-based-audio-pii-classification/src/cnn/rev2/out/degraded/s43/g711_snr20/negative_hard_00140_spk01.wav,0,negative_hard,spk01,invoice,5.52,,,송장번호는 칠칠공삼 팔사삼공입니다. 참고 부탁드립니다.,False,0.513160765171051
/home/hye0n/projects/cnn-based-audio-pii-classification/src/cnn/rev2/out/degraded/s43/g711_snr20/negative_hard_00161_spk08.wav,0,negative_hard,spk08,invoice,5.84,,,고객님께 안내드립니다. 송장번호는 팔사삼사 칠구오오입니다.,False,0.3748016655445099
/home/hye0n/projects/cnn-based-audio-pii-classification/src/cnn/rev2/out/degraded/s43/g711_snr20/negative_hard_00177_spk10.wav,0,negative_hard,spk10,invoice,4.96,,,송장번호는 팔이구구 칠구육팔입니다. 양해 부탁드립니다.,False,0.2829001843929291
/home/hye0n/projects/cnn-based-audio-pii-classification/src/cnn/rev2/out/degraded/s43/g711_snr20/negative_hard_00209_spk14.wav,0,negative_hard,spk14,invoice,4.64,,,잠시 안내드립니다. 송장번호는 이사오구 삼삼사사입니다.,False,0.2675951421260834
/home/hye0n/projects/cnn-based-audio-pii-classification/src/cnn/rev2/out/degraded/s43/g711_snr20/negative_hard_00216_spk07.wav,0,negative_hard,spk07,invoice,5.76,,,송장번호는 칠팔삼칠 육구삼팔입니다. 참고 부탁드립니다.,False,0.3475777804851532
/home/hye0n/projects/cnn-based-audio-pii-classification/src/cnn/rev2/out/degraded/s43/g711_snr20/negative_hard_00219_spk10.wav,0,negative_hard,spk10,invoice,4.8,,,안내 말씀드립니다. 송장번호는 오구칠구 이칠공삼입니다.,False,0.11898535490036011
/home/hye0n/projects/cnn-based-audio-pii-classification/src/cnn/rev2/out/degraded/s43/g711_snr20/negative_hard_00230_spk07.wav,0,negative_hard,spk07,invoice,5.52,,,송장번호는 사팔이육 이구이오입니다. 확인 부탁드립니다.,False,0.5503767728805542
/home/hye0n/projects/cnn-based-audio-pii-classification/src/cnn/rev2/out/degraded/s43/g711_snr20/negative_hard_00231_spk08.wav,0,negative_hard,spk08,invoice,5.6,,,송장번호는 오이공오 육육사칠입니다. 양해 부탁드립니다.,False,0.4361615478992462
/home/hye0n/projects/cnn-based-audio-pii-classification/src/cnn/rev2/out/degraded/s43/g711_snr20/negative_hard_00232_spk09.wav,0,negative_hard,spk09,invoice,5.2,,,송장번호는 삼일이이 공구구사입니다. 참고 부탁드립니다.,False,0.4955362379550934
/home/hye0n/projects/cnn-based-audio-pii-classification/src/cnn/rev2/out/degraded/s43/g711_snr20/negative_hard_00234_spk11.wav,0,negative_hard,spk11,invoice,6.16,,,송장번호는 육칠칠이 이삼삼공입니다. 양해 부탁드립니다.,False,0.5788014531135559
/home/hye0n/projects/cnn-based-audio-pii-classification/src/cnn/rev2/out/degraded/s43/g711_snr20/negative_hard_00280_spk01.wav,0,negative_hard,spk01,invoice,5.68,,,안내 말씀드립니다. 송장번호는 사구삼이 일사구오입니다.,False,0.5359619855880737
/home/hye0n/projects/cnn-based-audio-pii-classification/src/cnn/rev2/out/degraded/s43/g711_snr20/negative_hard_00290_spk11.wav,0,negative_hard,spk11,invoice,5.6,,,송장번호는 사육일구 일구육오입니다. 확인 부탁드립니다.,False,0.664745032787323
/home/hye0n/projects/cnn-based-audio-pii-classification/src/cnn/rev2/out/degraded/s43/g711_snr20/negative_hard_00294_spk01.wav,0,negative_hard,spk01,invoice,5.52,,,안내 말씀드립니다. 송장번호는 사공오팔 공공팔오입니다.,False,0.16527296602725983
/home/hye0n/projects/cnn-based-audio-pii-classification/src/cnn/rev2/out/degraded/s43/g711_snr20/negative_hard_00314_spk07.wav,0,negative_hard,spk07,invoice,5.52,,,송장번호는 구이칠육 육삼칠이입니다. 양해 부탁드립니다.,False,0.16428159177303314
/home/hye0n/projects/cnn-based-audio-pii-classification/src/cnn/rev2/out/degraded/s43/g711_snr20/negative_hard_00350_spk01.wav,0,negative_hard,spk01,invoice,5.76,,,안내 말씀드립니다. 송장번호는 육오이칠 삼오사삼입니다.,False,0.24441401660442352
/home/hye0n/projects/cnn-based-audio-pii-classification/src/cnn/rev2/out/degraded/s43/g711_snr20/negative_hard_00367_spk04.wav,0,negative_hard,spk04,invoice,5.04,,,송장번호는 사일이칠 이삼팔공입니다. 참고 부탁드립니다.,False,0.7953354120254517
/home/hye0n/projects/cnn-based-audio-pii-classification/src/cnn/rev2/out/degraded/s43/g711_snr20/negative_hard_00375_spk12.wav,0,negative_hard,spk12,invoice,4.4,,,안내 말씀드립니다. 송장번호는 삼일공오 구이칠사입니다.,False,0.02737715095281601
/home/hye0n/projects/cnn-based-audio-pii-classification/src/cnn/rev2/out/degraded/s43/g711_snr20/negative_hard_00393_spk02.wav,0,negative_hard,spk02,invoice,4.72,,,송장번호는 오칠이오 이공사오입니다. 양해 부탁드립니다.,False,0.062025036662817
/home/hye0n/projects/cnn-based-audio-pii-classification/src/cnn/rev2/out/degraded/s43/g711_snr20/negative_hard_00395_spk04.wav,0,negative_hard,spk04,invoice,4.4,,,송장번호는 일구이팔 오오사사입니다. 확인 부탁드립니다.,False,0.2123030126094818
/home/hye0n/projects/cnn-based-audio-pii-classification/src/cnn/rev2/out/degraded/s43/g711_snr20/negative_hard_00400_spk09.wav,0,negative_hard,spk09,invoice,5.28,,,안내 말씀드립니다. 송장번호는 일육일일 공칠육공입니다.,False,0.1191706657409668
/home/hye0n/projects/cnn-based-audio-pii-classification/src/cnn/rev2/out/degraded/s43/g711_snr20/negative_hard_00413_spk08.wav,0,negative_hard,spk08,invoice,4.8,,,송장번호는 육구오이 사구구일입니다. 감사합니다.,False,0.46172577142715454
/home/hye0n/projects/cnn-based-audio-pii-classification/src/cnn/rev2/out/degraded/s43/g711_snr20/negative_hard_00417_spk12.wav,0,negative_hard,spk12,invoice,4.08,,,송장번호는 칠육이사 육칠일구입니다. 감사합니다.,False,0.18730783462524414
/home/hye0n/projects/cnn-based-audio-pii-classification/src/cnn/rev2/out/degraded/s43/g711_snr20/negative_hard_00443_spk10.wav,0,negative_hard,spk10,invoice,5.04,,,송장번호는 오칠오사 공구공공입니다. 참고 부탁드립니다.,False,0.2516753375530243
/home/hye0n/projects/cnn-based-audio-pii-classification/src/cnn/rev2/out/degraded/s43/g711_snr20/positive_00013_spk14.wav,1,positive,spk14,rrn_1,4.64,rrn,461007-1048050,주민번호는 사육일공공칠 일공사팔공오공이에요.,False,0.7480297684669495
/home/hye0n/projects/cnn-based-audio-pii-classification/src/cnn/rev2/out/degraded/s43/g711_snr20/positive_00069_spk14.wav,1,positive,spk14,rrn_1,4.32,rrn,230220-1708011,주민번호는 이삼공이이공 일칠공팔공일일이에요.,False,0.3528869152069092
/home/hye0n/projects/cnn-based-audio-pii-classification/src/cnn/rev2/out/degraded/s43/g711_snr20/positive_00081_spk12.wav,1,positive,spk12,rrn_1,3.76,rrn,850910-1984539,주민번호는 팔오공구일공 일구팔사오삼구이에요.,False,0.46571415662765503
/home/hye0n/projects/cnn-based-audio-pii-classification/src/cnn/rev2/out/degraded/s43/g711_snr20/positive_00109_spk12.wav,1,positive,spk12,rrn_1,4.0,rrn,240502-4001773,주민번호는 이사공오공이 사공공일칠칠삼이에요.,False,0.3075350821018219
/home/hye0n/projects/cnn-based-audio-pii-classification/src/cnn/rev2/out/degraded/s43/g711_snr20/positive_00161_spk08.wav,1,positive,spk08,rrn_1,4.4,rrn,501207-1620859,주민번호는 오공일이공칠 일육이공팔오구이에요.,False,0.40418538451194763
/home/hye0n/projects/cnn-based-audio-pii-classification/src/cnn/rev2/out/degraded/s43/g711_snr20/positive_00177_spk10.wav,1,positive,spk10,rrn_1,3.6,rrn,100424-4512311,주민번호는 일공공사이사 사오일이삼일일이에요.,False,0.4247435927391052
/home/hye0n/projects/cnn-based-audio-pii-classification/src/cnn/rev2/out/degraded/s43/g711_snr20/positive_00185_spk04.wav,1,positive,spk04,rrn_1,4.4,rrn,400224-2200845,주민번호는 사공공이이사 이이공공팔사오이에요.,False,0.4533451497554779
/home/hye0n/projects/cnn-based-audio-pii-classification/src/cnn/rev2/out/degraded/s43/g711_snr20/positive_00197_spk02.wav,1,positive,spk02,rrn_1,4.64,rrn,100404-4635770,주민번호는 일공공사공사 사육삼오칠칠공이에요.,False,0.10120338946580887
/home/hye0n/projects/cnn-based-audio-pii-classification/src/cnn/rev2/out/degraded/s43/g711_snr20/positive_00201_spk06.wav,1,positive,spk06,rrn_1,4.24,rrn,940225-2655900,주민번호는 구사공이이오 이육오오구공공이에요.,False,0.21975025534629822
/home/hye0n/projects/cnn-based-audio-pii-classification/src/cnn/rev2/out/degraded/s43/g711_snr20/positive_00205_spk10.wav,1,positive,spk10,rrn_1,4.24,rrn,881016-3034225,주민번호는 팔팔일공일육 삼공삼사이이오이에요.,False,0.27465173602104187
/home/hye0n/projects/cnn-based-audio-pii-classification/src/cnn/rev2/out/degraded/s43/g711_snr20/positive_00233_spk10.wav,1,positive,spk10,rrn_1,4.0,rrn,390901-4097736,주민번호는 삼구공구공일 사공구칠칠삼육이에요.,False,0.2490234076976776
/home/hye0n/projects/cnn-based-audio-pii-classification/src/cnn/rev2/out/degraded/s43/g711_snr20/positive_00237_spk14.wav,1,positive,spk14,rrn_1,3.76,rrn,600415-2402219,주민번호는 육공공사일오 이사공이이일구이에요.,False,0.1639167070388794
/home/hye0n/projects/cnn-based-audio-pii-classification/src/cnn/rev2/out/degraded/s43/g711_snr20/positive_00241_spk04.wav,1,positive,spk04,rrn_1,3.68,rrn,920527-4907291,주민번호는 구이공오이칠 사구공칠이구일이에요.,False,0.5069244503974915
/home/hye0n/projects/cnn-based-audio-pii-classification/src/cnn/rev2/out/degraded/s43/g711_snr20/positive_00249_spk12.wav,1,positive,spk12,rrn_1,4.64,rrn,120804-4016093,주민번호는 일이공팔공사 사공일육공구삼이에요.,False,0.08439154177904129
/home/hye0n/projects/cnn-based-audio-pii-classification/src/cnn/rev2/out/degraded/s43/g711_snr20/positive_00261_spk10.wav,1,positive,spk10,rrn_1,3.68,rrn,210303-4649813,주민번호는 이일공삼공삼 사육사구팔일삼이에요.,False,0.1631315052509308
/home/hye0n/projects/cnn-based-audio-pii-classification/src/cnn/rev2/out/degraded/s43/g711_snr20/positive_00277_spk12.wav,1,positive,spk12,rrn_1,3.92,rrn,110511-4184171,주민번호는 일일공오일일 사일팔사일칠일이에요.,False,0.3560512065887451
/home/hye0n/projects/cnn-based-audio-pii-classification/src/cnn/rev2/out/degraded/s43/g711_snr20/positive_00281_spk02.wav,1,positive,spk02,rrn_1,4.56,rrn,140803-2790785,주민번호는 일사공팔공삼 이칠구공칠팔오이에요.,False,0.25015366077423096
/home/hye0n/projects/cnn-based-audio-pii-classification/src/cnn/rev2/out/degraded/s43/g711_snr20/positive_00389_spk12.wav,1,positive,spk12,rrn_1,4.0,rrn,481126-3852686,주민번호는 사팔일일이육 삼팔오이육팔육이에요.,False,0.36015158891677856
/home/hye0n/projects/cnn-based-audio-pii-classification/src/cnn/rev2/out/degraded/s43/g711_snr20/positive_00393_spk02.wav,1,positive,spk02,rrn_1,4.4,rrn,430807-2144247,주민번호는 사삼공팔공칠 이일사사이사칠이에요.,False,0.2923780083656311
/home/hye0n/projects/cnn-based-audio-pii-classification/src/cnn/rev2/out/degraded/s43/g711_snr20/positive_00397_spk06.wav,1,positive,spk06,rrn_1,4.56,rrn,480306-2871728,주민번호는 사팔공삼공육 이팔칠일칠이팔이에요.,False,0.22226665914058685
/home/hye0n/projects/cnn-based-audio-pii-classification/src/cnn/rev2/out/degraded/s43/g711_snr20/positive_00401_spk10.wav,1,positive,spk10,rrn_1,4.0,rrn,300526-4947885,주민번호는 삼공공오이육 사구사칠팔팔오이에요.,False,0.3924608826637268
/home/hye0n/projects/cnn-based-audio-pii-classification/src/cnn/rev2/out/degraded/s43/g711_snr20/positive_00421_spk02.wav,1,positive,spk02,rrn_1,4.0,rrn,631018-1662652,주민번호는 육삼일공일팔 일육육이육오이이에요.,False,0.2730337977409363
/home/hye0n/projects/cnn-based-audio-pii-classification/src/cnn/rev2/out/degraded/s43/g711_snr20/positive_00453_spk06.wav,1,positive,spk06,rrn_1,3.92,rrn,470615-1601800,주민번호는 사칠공육일오 일육공일팔공공이에요.,False,0.40893790125846863
/home/hye0n/projects/cnn-based-audio-pii-classification/src/cnn/rev2/out/degraded/s43/g711_snr20/positive_00497_spk08.wav,1,positive,spk08,rrn_1,4.08,rrn,110717-4252422,주민번호는 일일공칠일칠 사이오이사이이이에요.,False,0.5831834673881531
/home/hye0n/projects/cnn-based-audio-pii-classification/src/cnn/rev2/out/degraded/s43/g711_snr20/positive_00541_spk10.wav,1,positive,spk10,rrn_1,3.44,rrn,520623-4105428,주민번호는 오이공육이삼 사일공오사이팔이에요.,False,0.2659305930137634
/home/hye0n/projects/cnn-based-audio-pii-classification/src/cnn/rev2/out/degraded/s43/g711_snr20/positive_00553_spk08.wav,1,positive,spk08,rrn_1,4.32,rrn,930821-3753504,주민번호는 구삼공팔이일 삼칠오삼오공사이에요.,False,0.503624677658081
/home/hye0n/projects/cnn-based-audio-pii-classification/src/cnn/rev2/out/degraded/s43/g711_snr20/positive_00565_spk06.wav,1,positive,spk06,rrn_1,3.52,rrn,810512-2229772,주민번호는 팔일공오일이 이이이구칠칠이이에요.,False,0.607115626335144
/home/hye0n/projects/cnn-based-audio-pii-classification/src/cnn/rev2/out/degraded/s43/g711_snr20/positive_00581_spk08.wav,1,positive,spk08,rrn_1,4.64,rrn,040514-2806325,주민번호는 공사공오일사 이팔공육삼이오이에요.,False,0.1592405140399933
/home/hye0n/projects/cnn-based-audio-pii-classification/src/cnn/rev2/out/degraded/s43/g711_snr20/positive_00589_spk02.wav,1,positive,spk02,rrn_1,4.48,rrn,480408-4362974,주민번호는 사팔공사공팔 사삼육이구칠사이에요.,False,0.11789209395647049
/home/hye0n/projects/cnn-based-audio-pii-classification/src/cnn/rev2/out/degraded/s43/g711_snr20/positive_00609_spk08.wav,1,positive,spk08,rrn_1,4.0,rrn,820215-3096955,주민번호는 팔이공이일오 삼공구육구오오이에요.,False,0.5152044296264648
/home/hye0n/projects/cnn-based-audio-pii-classification/src/cnn/rev2/out/degraded/s43/g711_snr20/positive_00621_spk06.wav,1,positive,spk06,rrn_1,4.48,rrn,051028-2777259,주민번호는 공오일공이팔 이칠칠칠이오구이에요.,False,0.1537254899740219
/home/hye0n/projects/cnn-based-audio-pii-classification/src/cnn/rev2/out/degraded/s43/g711_snr20/positive_00637_spk08.wav,1,positive,spk08,rrn_1,4.24,rrn,360117-4845328,주민번호는 삼육공일일칠 사팔사오삼이팔이에요.,False,0.5025923848152161
/home/hye0n/projects/cnn-based-audio-pii-classification/src/cnn/rev2/out/degraded/s43/g711_snr20/positive_00641_spk12.wav,1,positive,spk12,rrn_1,3.68,rrn,470715-2731105,주민번호는 사칠공칠일오 이칠삼일일공오이에요.,False,0.5276362299919128
/home/hye0n/projects/cnn-based-audio-pii-classification/src/cnn/rev2/out/degraded/s43/g711_snr20/positive_00661_spk04.wav,1,positive,spk04,rrn_1,4.08,rrn,840703-3836821,주민번호는 팔사공칠공삼 삼팔삼육팔이일이에요.,False,0.5332472324371338
/home/hye0n/projects/cnn-based-audio-pii-classification/src/cnn/rev2/out/degraded/s43/g711_snr20/positive_00677_spk06.wav,1,positive,spk06,rrn_1,5.04,rrn,320424-4622651,주민번호는 삼이공사이사 사육이이육오일이에요.,False,0.4712585210800171
/home/hye0n/projects/cnn-based-audio-pii-classification/src/cnn/rev2/out/degraded/s43/g711_snr20/positive_00681_spk10.wav,1,positive,spk10,rrn_1,4.08,rrn,831005-3336241,주민번호는 팔삼일공공오 삼삼삼육이사일이에요.,False,0.11541748046875
/home/hye0n/projects/cnn-based-audio-pii-classification/src/cnn/rev2/out/degraded/s43/g711_snr20/positive_00685_spk14.wav,1,positive,spk14,rrn_1,3.6,rrn,500604-2620995,주민번호는 오공공육공사 이육이공구구오이에요.,False,0.33148643374443054
/home/hye0n/projects/cnn-based-audio-pii-classification/src/cnn/rev2/out/degraded/s43/g711_snr20/positive_00689_spk04.wav,1,positive,spk04,rrn_1,4.56,rrn,171110-2264955,주민번호는 일칠일일일공 이이육사구오오이에요.,False,0.5099804997444153
/home/hye0n/projects/cnn-based-audio-pii-classification/src/cnn/rev2/out/degraded/s43/g711_snr20/positive_00709_spk10.wav,1,positive,spk10,rrn_1,3.84,rrn,700311-4484498,주민번호는 칠공공삼일일 사사팔사사구팔이에요.,False,0.15284818410873413
/home/hye0n/projects/cnn-based-audio-pii-classification/src/cnn/rev2/out/degraded/s43/g711_snr20/positive_00725_spk12.wav,1,positive,spk12,rrn_1,3.52,rrn,490706-4666371,주민번호는 사구공칠공육 사육육육삼칠일이에요.,False,0.46441707015037537
/home/hye0n/projects/cnn-based-audio-pii-classification/src/cnn/rev2/out/degraded/s43/g711_snr20/positive_00737_spk10.wav,1,positive,spk10,rrn_1,3.2,rrn,690125-4572892,주민번호는 육구공일이오 사오칠이팔구이이에요.,False,0.40687310695648193
/home/hye0n/projects/cnn-based-audio-pii-classification/src/cnn/rev2/out/degraded/s43/g711_snr20/positive_00757_spk02.wav,1,positive,spk02,rrn_1,4.56,rrn,630511-3354161,주민번호는 육삼공오일일 삼삼오사일육일이에요.,False,0.1266641616821289
/home/hye0n/projects/cnn-based-audio-pii-classification/src/cnn/rev2/out/degraded/s43/g711_snr20/positive_00761_spk06.wav,1,positive,spk06,rrn_1,3.68,rrn,580114-2722040,주민번호는 오팔공일일사 이칠이이공사공이에요.,False,0.4051523506641388
/home/hye0n/projects/cnn-based-audio-pii-classification/src/cnn/rev2/out/degraded/s43/g711_snr20/positive_00773_spk04.wav,1,positive,spk04,rrn_1,3.84,rrn,170725-2672741,주민번호는 일칠공칠이오 이육칠이칠사일이에요.,False,0.6974419355392456
/home/hye0n/projects/cnn-based-audio-pii-classification/src/cnn/rev2/out/degraded/s43/g711_snr20/positive_00793_spk10.wav,1,positive,spk10,rrn_1,3.92,rrn,980714-4086431,주민번호는 구팔공칠일사 사공팔육사삼일이에요.,False,0.07435251027345657
/home/hye0n/projects/cnn-based-audio-pii-classification/src/cnn/rev2/out/degraded/s43/g711_snr20/positive_00797_spk14.wav,1,positive,spk14,rrn_1,4.16,rrn,391214-2060718,주민번호는 삼구일이일사 이공육공칠일팔이에요.,False,0.47680985927581787
/home/hye0n/projects/cnn-based-audio-pii-classification/src/cnn/rev2/out/degraded/s43/g711_snr20/positive_00829_spk04.wav,1,positive,spk04,rrn_1,3.84,rrn,181209-1046032,주민번호는 일팔일이공구 일공사육공삼이이에요.,False,0.6629635691642761
/home/hye0n/projects/cnn-based-audio-pii-classification/src/cnn/rev2/out/degraded/s43/g711_snr20/positive_00833_spk08.wav,1,positive,spk08,rrn_1,4.0,rrn,751002-4694622,주민번호는 칠오일공공이 사육구사육이이이에요.,False,0.5958181023597717
/home/hye0n/projects/cnn-based-audio-pii-classification/src/cnn/rev2/out/degraded/s43/g711_snr20/positive_00837_spk12.wav,1,positive,spk12,rrn_1,4.4,rrn,171004-2110790,주민번호는 일칠일공공사 이일일공칠구공이에요.,False,0.13931365311145782
/home/hye0n/projects/cnn-based-audio-pii-classification/src/cnn/rev2/out/degraded/s43/g711_snr20/positive_00857_spk04.wav,1,positive,spk04,rrn_1,4.32,rrn,350805-1643937,주민번호는 삼오공팔공오 일육사삼구삼칠이에요.,False,0.3278639018535614
/home/hye0n/projects/cnn-based-audio-pii-classification/src/cnn/rev2/out/degraded/s43/g711_snr20/positive_00865_spk12.wav,1,positive,spk12,rrn_1,3.84,rrn,340301-3626121,주민번호는 삼사공삼공일 삼육이육일이일이에요.,False,0.42198488116264343
/home/hye0n/projects/cnn-based-audio-pii-classification/src/cnn/rev2/out/degraded/s43/g711_snr20/positive_00873_spk06.wav,1,positive,spk06,rrn_1,3.68,rrn,031223-3993587,주민번호는 공삼일이이삼 삼구구삼오팔칠이에요.,False,0.5258780717849731
/home/hye0n/projects/cnn-based-audio-pii-classification/src/cnn/rev2/out/degraded/s43/g711_snr20/positive_00002_spk03.wav,1,positive,spk03,account_0,4.24,account,704-442-033326,제 계좌번호는 칠공사 사사이 공삼삼삼이육입니다.,False,0.30446702241897583
/home/hye0n/projects/cnn-based-audio-pii-classification/src/cnn/rev2/out/degraded/s43/g711_snr20/positive_00006_spk07.wav,1,positive,spk07,account_0,4.64,account,703-294-848749,제 계좌번호는 칠공삼 이구사 팔사팔칠사구입니다.,False,0.45349255204200745
/home/hye0n/projects/cnn-based-audio-pii-classification/src/cnn/rev2/out/degraded/s43/g711_snr20/positive_00010_spk11.wav,1,positive,spk11,account_0,5.2,account,718-280-846335,제 계좌번호는 칠일팔 이팔공 팔사육삼삼오입니다.,False,0.7738772630691528
/home/hye0n/projects/cnn-based-audio-pii-classification/src/cnn/rev2/out/degraded/s43/g711_snr20/positive_00034_spk07.wav,1,positive,spk07,account_0,5.04,account,612-790-187330,제 계좌번호는 육일이 칠구공 일팔칠삼삼공입니다.,False,0.9077263474464417
/home/hye0n/projects/cnn-based-audio-pii-classification/src/cnn/rev2/out/degraded/s43/g711_snr20/positive_00058_spk03.wav,1,positive,spk03,account_0,4.8,account,553-837-903189,제 계좌번호는 오오삼 팔삼칠 구공삼일팔구입니다.,False,0.7956134676933289
/home/hye0n/projects/cnn-based-audio-pii-classification/src/cnn/rev2/out/degraded/s43/g711_snr20/positive_00066_spk11.wav,1,positive,spk11,account_0,5.36,account,865-331-059942,제 계좌번호는 팔육오 삼삼일 공오구구사이입니다.,False,0.7138442397117615
/home/hye0n/projects/cnn-based-audio-pii-classification/src/cnn/rev2/out/degraded/s43/g711_snr20/positive_00082_spk13.wav,1,positive,spk13,account_0,4.16,account,370-128-932931,제 계좌번호는 삼칠공 일이팔 구삼이구삼일입니다.,False,0.33819904923439026
/home/hye0n/projects/cnn-based-audio-pii-classification/src/cnn/rev2/out/degraded/s43/g711_snr20/positive_00086_spk03.wav,1,positive,spk03,account_0,4.48,account,357-937-952273,제 계좌번호는 삼오칠 구삼칠 구오이이칠삼입니다.,False,0.4297500252723694
/home/hye0n/projects/cnn-based-audio-pii-classification/src/cnn/rev2/out/degraded/s43/g711_snr20/positive_00094_spk11.wav,1,positive,spk11,account_0,4.8,account,315-708-261650,제 계좌번호는 삼일오 칠공팔 이육일육오공입니다.,False,0.5916627049446106
/home/hye0n/projects/cnn-based-audio-pii-classification/src/cnn/rev2/out/degraded/s43/g711_snr20/positive_00122_spk11.wav,1,positive,spk11,account_0,4.4,account,147-260-498216,제 계좌번호는 일사칠 이육공 사구팔이일육입니다.,False,0.5047243237495422
/home/hye0n/projects/cnn-based-audio-pii-classification/src/cnn/rev2/out/degraded/s43/g711_snr20/positive_00154_spk01.wav,1,positive,spk01,account_0,4.32,account,329-675-071951,제 계좌번호는 삼이구 육칠오 공칠일구오일입니다.,False,0.16402167081832886
/home/hye0n/projects/cnn-based-audio-pii-classification/src/cnn/rev2/out/degraded/s43/g711_snr20/positive_00158_spk05.wav,1,positive,spk05,account_0,4.4,account,885-387-175939,제 계좌번호는 팔팔오 삼팔칠 일칠오구삼구입니다.,False,0.5847572088241577
/home/hye0n/projects/cnn-based-audio-pii-classification/src/cnn/rev2/out/degraded/s43/g711_snr20/positive_00170_spk03.wav,1,positive,spk03,account_0,4.48,account,430-882-257420,제 계좌번호는 사삼공 팔팔이 이오칠사이공입니다.,False,0.4787890911102295
/home/hye0n/projects/cnn-based-audio-pii-classification/src/cnn/rev2/out/degraded/s43/g711_snr20/positive_00210_spk01.wav,1,positive,spk01,account_0,4.32,account,946-155-074878,제 계좌번호는 구사육 일오오 공칠사팔칠팔입니다.,False,0.21248379349708557
/home/hye0n/projects/cnn-based-audio-pii-classification/src/cnn/rev2/out/degraded/s43/g711_snr20/positive_00226_spk03.wav,1,positive,spk03,account_0,4.24,account,891-423-906924,제 계좌번호는 팔구일 사이삼 구공육구이사입니다.,False,0.37434709072113037
/home/hye0n/projects/cnn-based-audio-pii-classification/src/cnn/rev2/out/degraded/s43/g711_snr20/positive_00254_spk03.wav,1,positive,spk03,account_0,4.24,account,993-564-037642,제 계좌번호는 구구삼 오육사 공삼칠육사이입니다.,False,0.1852511316537857
/home/hye0n/projects/cnn-based-audio-pii-classification/src/cnn/rev2/out/degraded/s43/g711_snr20/positive_00306_spk13.wav,1,positive,spk13,account_0,4.48,account,917-188-115266,제 계좌번호는 구일칠 일팔팔 일일오이육육입니다.,False,0.3470584452152252
/home/hye0n/projects/cnn-based-audio-pii-classification/src/cnn/rev2/out/degraded/s43/g711_snr20/positive_00322_spk01.wav,1,positive,spk01,account_0,4.4,account,508-435-765054,제 계좌번호는 오공팔 사삼오 칠육오공오사입니다.,False,0.1476638913154602
/home/hye0n/projects/cnn-based-audio-pii-classification/src/cnn/rev2/out/degraded/s43/g711_snr20/positive_00326_spk05.wav,1,positive,spk05,account_0,4.32,account,931-143-583397,제 계좌번호는 구삼일 일사삼 오팔삼삼구칠입니다.,False,0.5275837779045105
/home/hye0n/projects/cnn-based-audio-pii-classification/src/cnn/rev2/out/degraded/s43/g711_snr20/positive_00334_spk13.wav,1,positive,spk13,account_0,4.48,account,965-584-804711,제 계좌번호는 구육오 오팔사 팔공사칠일일입니다.,False,0.16226890683174133
/home/hye0n/projects/cnn-based-audio-pii-classification/src/cnn/rev2/out/degraded/s43/g711_snr20/positive_00338_spk03.wav,1,positive,spk03,account_0,5.2,account,171-155-776962,제 계좌번호는 일칠일 일오오 칠칠육구육이입니다.,False,0.7556001543998718
/home/hye0n/projects/cnn-based-audio-pii-classification/src/cnn/rev2/out/degraded/s43/g711_snr20/positive_00342_spk07.wav,1,positive,spk07,account_0,4.96,account,153-169-165056,제 계좌번호는 일오삼 일육구 일육오공오육입니다.,False,0.5596200823783875
/home/hye0n/projects/cnn-based-audio-pii-classification/src/cnn/rev2/out/degraded/s43/g711_snr20/positive_00350_spk01.wav,1,positive,spk01,account_0,4.32,account,396-345-125812,제 계좌번호는 삼구육 삼사오 일이오팔일이입니다.,False,0.25367388129234314
/home/hye0n/projects/cnn-based-audio-pii-classification/src/cnn/rev2/out/degraded/s43/g711_snr20/positive_00374_spk11.wav,1,positive,spk11,account_0,4.88,account,951-303-080458,제 계좌번호는 구오일 삼공삼 공팔공사오팔입니다.,False,0.38135015964508057
/home/hye0n/projects/cnn-based-audio-pii-classification/src/cnn/rev2/out/degraded/s43/g711_snr20/positive_00390_spk13.wav,1,positive,spk13,account_0,5.2,account,786-729-869226,제 계좌번호는 칠팔육 칠이구 팔육구이이육입니다.,False,0.40786251425743103
/home/hye0n/projects/cnn-based-audio-pii-classification/src/cnn/rev2/out/degraded/s43/g711_snr20/positive_00394_spk03.wav,1,positive,spk03,account_0,4.64,account,179-312-885447,제 계좌번호는 일칠구 삼일이 팔팔오사사칠입니다.,False,0.3333621621131897
/home/hye0n/projects/cnn-based-audio-pii-classification/src/cnn/rev2/out/degraded/s43/g711_snr20/positive_00406_spk01.wav,1,positive,spk01,account_0,4.24,account,995-390-581478,제 계좌번호는 구구오 삼구공 오팔일사칠팔입니다.,False,0.1481420397758484
/home/hye0n/projects/cnn-based-audio-pii-classification/src/cnn/rev2/out/degraded/s43/g711_snr20/positive_00414_spk09.wav,1,positive,spk09,account_0,4.24,account,910-159-144283,제 계좌번호는 구일공 일오구 일사사이팔삼입니다.,False,0.1486334502696991
/home/hye0n/projects/cnn-based-audio-pii-classification/src/cnn/rev2/out/degraded/s43/g711_snr20/positive_00490_spk01.wav,1,positive,spk01,account_0,4.16,account,426-257-489131,제 계좌번호는 사이육 이오칠 사팔구일삼일입니다.,False,0.14617344737052917
/home/hye0n/projects/cnn-based-audio-pii-classification/src/cnn/rev2/out/degraded/s43/g711_snr20/positive_00498_spk09.wav,1,positive,spk09,account_0,4.16,account,697-371-051021,제 계좌번호는 육구칠 삼칠일 공오일공이일입니다.,False,0.43750178813934326
/home/hye0n/projects/cnn-based-audio-pii-classification/src/cnn/rev2/out/degraded/s43/g711_snr20/positive_00502_spk13.wav,1,positive,spk13,account_0,3.92,account,474-56-420040,제 계좌번호는 사칠사 오육 사이공공사공입니다.,False,0.08366528898477554
/home/hye0n/projects/cnn-based-audio-pii-classification/src/cnn/rev2/out/degraded/s43/g711_snr20/positive_00558_spk13.wav,1,positive,spk13,account_0,5.44,account,431-968-260096,제 계좌번호는 사삼일 구육팔 이육공공구육입니다.,False,0.5238608717918396
/home/hye0n/projects/cnn-based-audio-pii-classification/src/cnn/rev2/out/degraded/s43/g711_snr20/positive_00562_spk03.wav,1,positive,spk03,account_0,4.32,account,809-251-065142,제 계좌번호는 팔공구 이오일 공육오일사이입니다.,False,0.25363099575042725
/home/hye0n/projects/cnn-based-audio-pii-classification/src/cnn/rev2/out/degraded/s43/g711_snr20/positive_00578_spk05.wav,1,positive,spk05,account_0,4.32,account,863-233-606403,제 계좌번호는 팔육삼 이삼삼 육공육사공삼입니다.,False,0.5831829309463501
/home/hye0n/projects/cnn-based-audio-pii-classification/src/cnn/rev2/out/degraded/s43/g711_snr20/positive_00590_spk03.wav,1,positive,spk03,account_0,4.32,account,382-203-982946,제 계좌번호는 삼팔이 이공삼 구팔이구사육입니다.,False,0.2910163104534149
/home/hye0n/projects/cnn-based-audio-pii-classification/src/cnn/rev2/out/degraded/s43/g711_snr20/positive_00610_spk09.wav,1,positive,spk09,account_0,4.4,account,152-284-395489,제 계좌번호는 일오이 이팔사 삼구오사팔구입니다.,False,0.17208518087863922
/home/hye0n/projects/cnn-based-audio-pii-classification/src/cnn/rev2/out/degraded/s43/g711_snr20/positive_00630_spk01.wav,1,positive,spk01,account_0,4.96,account,937-694-050871,제 계좌번호는 구삼칠 육구사 공오공팔칠일입니다.,False,0.23216591775417328
/home/hye0n/projects/cnn-based-audio-pii-classification/src/cnn/rev2/out/degraded/s43/g711_snr20/positive_00634_spk05.wav,1,positive,spk05,account_0,3.92,account,775-509-016495,제 계좌번호는 칠칠오 오공구 공일육사구오입니다.,False,0.6144782900810242
/home/hye0n/projects/cnn-based-audio-pii-classification/src/cnn/rev2/out/degraded/s43/g711_snr20/positive_00642_spk13.wav,1,positive,spk13,account_0,3.84,account,407-710-868286,제 계좌번호는 사공칠 칠일공 팔육팔이팔육입니다.,False,0.5131720900535583
/home/hye0n/projects/cnn-based-audio-pii-classification/src/cnn/rev2/out/degraded/s43/g711_snr20/positive_00674_spk03.wav,1,positive,spk03,account_0,4.96,account,374-514-153023,제 계좌번호는 삼칠사 오일사 일오삼공이삼입니다.,False,0.22451423108577728
/home/hye0n/projects/cnn-based-audio-pii-classification/src/cnn/rev2/out/degraded/s43/g711_snr20/positive_00686_spk01.wav,1,positive,spk01,account_0,5.6,account,798-796-576820,제 계좌번호는 칠구팔 칠구육 오칠육팔이공입니다.,False,0.4981595575809479
/home/hye0n/projects/cnn-based-audio-pii-classification/src/cnn/rev2/out/degraded/s43/g711_snr20/positive_00694_spk09.wav,1,positive,spk09,account_0,4.48,account,818-926-851755,제 계좌번호는 팔일팔 구이육 팔오일칠오오입니다.,False,0.23247356712818146
/home/hye0n/projects/cnn-based-audio-pii-classification/src/cnn/rev2/out/degraded/s43/g711_snr20/positive_00706_spk07.wav,1,positive,spk07,account_0,4.8,account,407-55-849541,제 계좌번호는 사공칠 오오 팔사구오사일입니다.,False,0.48236411809921265
/home/hye0n/projects/cnn-based-audio-pii-classification/src/cnn/rev2/out/degraded/s43/g711_snr20/positive_00714_spk01.wav,1,positive,spk01,account_0,4.96,account,870-730-848014,제 계좌번호는 팔칠공 칠삼공 팔사팔공일사입니다.,False,0.8429492712020874
/home/hye0n/projects/cnn-based-audio-pii-classification/src/cnn/rev2/out/degraded/s43/g711_snr20/positive_00746_spk05.wav,1,positive,spk05,account_0,4.64,account,978-536-943881,제 계좌번호는 구칠팔 오삼육 구사삼팔팔일입니다.,False,0.5014688968658447
/home/hye0n/projects/cnn-based-audio-pii-classification/src/cnn/rev2/out/degraded/s43/g711_snr20/positive_00754_spk13.wav,1,positive,spk13,account_0,3.92,account,435-605-002593,제 계좌번호는 사삼오 육공오 공공이오구삼입니다.,False,0.1330316960811615
/home/hye0n/projects/cnn-based-audio-pii-classification/src/cnn/rev2/out/degraded/s43/g711_snr20/positive_00770_spk01.wav,1,positive,spk01,account_0,4.32,account,810-145-500905,제 계좌번호는 팔일공 일사오 오공공구공오입니다.,False,0.09249900281429291
/home/hye0n/projects/cnn-based-audio-pii-classification/src/cnn/rev2/out/degraded/s43/g711_snr20/positive_00774_spk05.wav,1,positive,spk05,account_0,5.2,account,170-553-590653,제 계좌번호는 일칠공 오오삼 오구공육오삼입니다.,False,0.714853048324585
/home/hye0n/projects/cnn-based-audio-pii-classification/src/cnn/rev2/out/degraded/s43/g711_snr20/positive_00786_spk03.wav,1,positive,spk03,account_0,4.88,account,753-618-074461,제 계좌번호는 칠오삼 육일팔 공칠사사육일입니다.,False,0.545798122882843
/home/hye0n/projects/cnn-based-audio-pii-classification/src/cnn/rev2/out/degraded/s43/g711_snr20/positive_00790_spk07.wav,1,positive,spk07,account_0,4.56,account,117-611-070813,제 계좌번호는 일일칠 육일일 공칠공팔일삼입니다.,False,0.33795109391212463
/home/hye0n/projects/cnn-based-audio-pii-classification/src/cnn/rev2/out/degraded/s43/g711_snr20/positive_00794_spk11.wav,1,positive,spk11,account_0,4.08,account,384-95-324960,제 계좌번호는 삼팔사 구오 삼이사구육공입니다.,False,0.664310097694397
/home/hye0n/projects/cnn-based-audio-pii-classification/src/cnn/rev2/out/degraded/s43/g711_snr20/positive_00798_spk01.wav,1,positive,spk01,account_0,4.8,account,188-956-455589,제 계좌번호는 일팔팔 구오육 사오오오팔구입니다.,False,0.44352245330810547
/home/hye0n/projects/cnn-based-audio-pii-classification/src/cnn/rev2/out/degraded/s43/g711_snr20/positive_00810_spk13.wav,1,positive,spk13,account_0,4.56,account,145-889-904846,제 계좌번호는 일사오 팔팔구 구공사팔사육입니다.,False,0.16130726039409637
/home/hye0n/projects/cnn-based-audio-pii-classification/src/cnn/rev2/out/degraded/s43/g711_snr20/positive_00850_spk11.wav,1,positive,spk11,account_0,5.28,account,696-610-271393,제 계좌번호는 육구육 육일공 이칠일삼구삼입니다.,False,0.7774830460548401
/home/hye0n/projects/cnn-based-audio-pii-classification/src/cnn/rev2/out/degraded/s43/g711_snr20/positive_00890_spk09.wav,1,positive,spk09,account_0,4.16,account,928-636-231625,제 계좌번호는 구이팔 육삼육 이삼일육이오입니다.,False,0.3099426031112671
/home/hye0n/projects/cnn-based-audio-pii-classification/src/cnn/rev2/out/degraded/s43/g711_snr20/positive_00894_spk13.wav,1,positive,spk13,account_0,4.0,account,371-224-261662,제 계좌번호는 삼칠일 이이사 이육일육육이입니다.,False,0.24090291559696198
/home/hye0n/projects/cnn-based-audio-pii-classification/src/cnn/rev2/out/degraded/s43/g711_snr20/positive_00003_spk04.wav,1,positive,spk04,card_2,4.72,card,1535-3582-3811-8279,제 카드번호는 일오삼오 삼오팔이 삼팔일일 팔이칠구이에요.,False,0.8447577357292175
/home/hye0n/projects/cnn-based-audio-pii-classification/src/cnn/rev2/out/degraded/s43/g711_snr20/positive_00015_spk02.wav,1,positive,spk02,card_2,4.8,card,1654-6227-4554-7428,제 카드번호는 일육오사 육이이칠 사오오사 칠사이팔이에요.,False,0.30261102318763733
/home/hye0n/projects/cnn-based-audio-pii-classification/src/cnn/rev2/out/degraded/s43/g711_snr20/positive_00019_spk06.wav,1,positive,spk06,card_2,5.04,card,2677-7573-6216-4422,제 카드번호는 이육칠칠 칠오칠삼 육이일육 사사이이이에요.,False,0.9457178115844727
/home/hye0n/projects/cnn-based-audio-pii-classification/src/cnn/rev2/out/degraded/s43/g711_snr20/positive_00047_spk06.wav,1,positive,spk06,card_2,5.44,card,9641-3608-0117-1163,제 카드번호는 구육사일 삼육공팔 공일일칠 일일육삼이에요.,False,0.5534436106681824
/home/hye0n/projects/cnn-based-audio-pii-classification/src/cnn/rev2/out/degraded/s43/g711_snr20/positive_00055_spk14.wav,1,positive,spk14,card_2,5.12,card,1790-4073-3139-3116,제 카드번호는 일칠구공 사공칠삼 삼일삼구 삼일일육이에요.,False,0.9787281155586243
/home/hye0n/projects/cnn-based-audio-pii-classification/src/cnn/rev2/out/degraded/s43/g711_snr20/positive_00063_spk08.wav,1,positive,spk08,card_2,6.24,card,4345-7454-4673-6930,제 카드번호는 사삼사오 칠사오사 사육칠삼 육구삼공이에요.,False,0.8761416673660278
/home/hye0n/projects/cnn-based-audio-pii-classification/src/cnn/rev2/out/degraded/s43/g711_snr20/positive_00079_spk10.wav,1,positive,spk10,card_2,5.2,card,4669-2584-7179-8900,제 카드번호는 사육육구 이오팔사 칠일칠구 팔구공공이에요.,False,0.7495773434638977
/home/hye0n/projects/cnn-based-audio-pii-classification/src/cnn/rev2/out/degraded/s43/g711_snr20/positive_00083_spk14.wav,1,positive,spk14,card_2,4.8,card,9064-2546-4462-4616,제 카드번호는 구공육사 이오사육 사사육이 사육일육이에요.,False,0.527181088924408
/home/hye0n/projects/cnn-based-audio-pii-classification/src/cnn/rev2/out/degraded/s43/g711_snr20/positive_00091_spk08.wav,1,positive,spk08,card_2,5.52,card,8938-0590-6049-9543,제 카드번호는 팔구삼팔 공오구공 육공사구 구오사삼이에요.,False,0.9019029140472412
/home/hye0n/projects/cnn-based-audio-pii-classification/src/cnn/rev2/out/degraded/s43/g711_snr20/positive_00103_spk06.wav,1,positive,spk06,card_2,5.6,card,4564-1137-4573-5753,제 카드번호는 사오육사 일일삼칠 사오칠삼 오칠오삼이에요.,False,0.4936310946941376
/home/hye0n/projects/cnn-based-audio-pii-classification/src/cnn/rev2/out/degraded/s43/g711_snr20/positive_00107_spk10.wav,1,positive,spk10,card_2,4.8,card,5663-5139-7149-9932,제 카드번호는 오육육삼 오일삼구 칠일사구 구구삼이이에요.,False,0.38003695011138916
/home/hye0n/projects/cnn-based-audio-pii-classification/src/cnn/rev2/out/degraded/s43/g711_snr20/positive_00119_spk08.wav,1,positive,spk08,card_2,5.52,card,2780-1389-4649-8445,제 카드번호는 이칠팔공 일삼팔구 사육사구 팔사사오이에요.,False,0.9091969132423401
/home/hye0n/projects/cnn-based-audio-pii-classification/src/cnn/rev2/out/degraded/s43/g711_snr20/positive_00123_spk12.wav,1,positive,spk12,card_2,4.56,card,7461-6790-9431-3185,제 카드번호는 칠사육일 육칠구공 구사삼일 삼일팔오이에요.,False,0.5139868855476379
/home/hye0n/projects/cnn-based-audio-pii-classification/src/cnn/rev2/out/degraded/s43/g711_snr20/positive_00147_spk08.wav,1,positive,spk08,card_2,4.8,card,2091-8751-0441-6455,제 카드번호는 이공구일 팔칠오일 공사사일 육사오오이에요.,False,0.6377953290939331
/home/hye0n/projects/cnn-based-audio-pii-classification/src/cnn/rev2/out/degraded/s43/g711_snr20/positive_00155_spk02.wav,1,positive,spk02,card_2,5.52,card,0508-4051-3266-0333,제 카드번호는 공오공팔 사공오일 삼이육육 공삼삼삼이에요.,False,0.3529122471809387
/home/hye0n/projects/cnn-based-audio-pii-classification/src/cnn/rev2/out/degraded/s43/g711_snr20/positive_00171_spk04.wav,1,positive,spk04,card_2,6.16,card,4569-7385-3995-7613,제 카드번호는 사오육구 칠삼팔오 삼구구오 칠육일삼이에요.,False,0.8677444458007812
/home/hye0n/projects/cnn-based-audio-pii-classification/src/cnn/rev2/out/degraded/s43/g711_snr20/positive_00175_spk08.wav,1,positive,spk08,card_2,5.52,card,5576-4581-9767-4526,제 카드번호는 오오칠육 사오팔일 구칠육칠 사오이육이에요.,False,0.6448888182640076
/home/hye0n/projects/cnn-based-audio-pii-classification/src/cnn/rev2/out/degraded/s43/g711_snr20/positive_00207_spk12.wav,1,positive,spk12,card_2,5.2,card,1166-3824-4334-9663,제 카드번호는 일일육육 삼팔이사 사삼삼사 구육육삼이에요.,False,0.2786809206008911
/home/hye0n/projects/cnn-based-audio-pii-classification/src/cnn/rev2/out/degraded/s43/g711_snr20/positive_00215_spk06.wav,1,positive,spk06,card_2,6.0,card,1317-9798-0653-7078,제 카드번호는 일삼일칠 구칠구팔 공육오삼 칠공칠팔이에요.,False,0.7183458209037781
/home/hye0n/projects/cnn-based-audio-pii-classification/src/cnn/rev2/out/degraded/s43/g711_snr20/positive_00223_spk14.wav,1,positive,spk14,card_2,5.2,card,5403-6744-8117-4722,제 카드번호는 오사공삼 육칠사사 팔일일칠 사칠이이이에요.,False,0.8402694463729858
/home/hye0n/projects/cnn-based-audio-pii-classification/src/cnn/rev2/out/degraded/s43/g711_snr20/positive_00235_spk12.wav,1,positive,spk12,card_2,4.32,card,1924-2522-8165-4781,제 카드번호는 일구이사 이오이이 팔일육오 사칠팔일이에요.,False,0.2495700567960739
/home/hye0n/projects/cnn-based-audio-pii-classification/src/cnn/rev2/out/degraded/s43/g711_snr20/positive_00239_spk02.wav,1,positive,spk02,card_2,5.76,card,1143-4526-6798-5568,제 카드번호는 일일사삼 사오이육 육칠구팔 오오육팔이에요.,False,0.6013656854629517
/home/hye0n/projects/cnn-based-audio-pii-classification/src/cnn/rev2/out/degraded/s43/g711_snr20/positive_00251_spk14.wav,1,positive,spk14,card_2,5.04,card,1225-7692-4342-5546,제 카드번호는 일이이오 칠육구이 사삼사이 오오사육이에요.,False,0.9287895560264587
/home/hye0n/projects/cnn-based-audio-pii-classification/src/cnn/rev2/out/degraded/s43/g711_snr20/positive_00259_spk08.wav,1,positive,spk08,card_2,4.96,card,6141-7056-2385-4000,제 카드번호는 육일사일 칠공오육 이삼팔오 사공공공이에요.,False,0.7318699359893799
/home/hye0n/projects/cnn-based-audio-pii-classification/src/cnn/rev2/out/degraded/s43/g711_snr20/positive_00271_spk06.wav,1,positive,spk06,card_2,5.68,card,4497-0132-9272-0803,제 카드번호는 사사구칠 공일삼이 구이칠이 공팔공삼이에요.,False,0.5963156223297119
/home/hye0n/projects/cnn-based-audio-pii-classification/src/cnn/rev2/out/degraded/s43/g711_snr20/positive_00287_spk08.wav,1,positive,spk08,card_2,5.76,card,1775-3830-7724-0410,제 카드번호는 일칠칠오 삼팔삼공 칠칠이사 공사일공이에요.,False,0.9105492830276489
/home/hye0n/projects/cnn-based-audio-pii-classification/src/cnn/rev2/out/degraded/s43/g711_snr20/positive_00307_spk14.wav,1,positive,spk14,card_2,4.88,card,2159-0243-5869-3898,제 카드번호는 이일오구 공이사삼 오팔육구 삼팔구팔이에요.,False,0.886121928691864
/home/hye0n/projects/cnn-based-audio-pii-classification/src/cnn/rev2/out/degraded/s43/g711_snr20/positive_00327_spk06.wav,1,positive,spk06,card_2,6.56,card,9608-9201-9202-5400,제 카드번호는 구육공팔 구이공일 구이공이 오사공공이에요.,False,0.4214422404766083
/home/hye0n/projects/cnn-based-audio-pii-classification/src/cnn/rev2/out/degraded/s43/g711_snr20/positive_00355_spk06.wav,1,positive,spk06,card_2,5.2,card,0307-7532-1275-5129,제 카드번호는 공삼공칠 칠오삼이 일이칠오 오일이구이에요.,False,0.673263669013977
/home/hye0n/projects/cnn-based-audio-pii-classification/src/cnn/rev2/out/degraded/s43/g711_snr20/positive_00363_spk14.wav,1,positive,spk14,card_2,4.88,card,2754-1251-8363-1868,제 카드번호는 이칠오사 일이오일 팔삼육삼 일팔육팔이에요.,False,0.9246375560760498
/home/hye0n/projects/cnn-based-audio-pii-classification/src/cnn/rev2/out/degraded/s43/g711_snr20/positive_00367_spk04.wav,1,positive,spk04,card_2,5.2,card,9869-2504-1234-2902,제 카드번호는 구팔육구 이오공사 일이삼사 이구공이이에요.,False,0.8427060842514038
/home/hye0n/projects/cnn-based-audio-pii-classification/src/cnn/rev2/out/degraded/s43/g711_snr20/positive_00375_spk12.wav,1,positive,spk12,card_2,5.04,card,9733-8307-6299-7581,제 카드번호는 구칠삼삼 팔삼공칠 육이구구 칠오팔일이에요.,False,0.5174606442451477
/home/hye0n/projects/cnn-based-audio-pii-classification/src/cnn/rev2/out/degraded/s43/g711_snr20/positive_00379_spk02.wav,1,positive,spk02,card_2,5.12,card,1695-5626-1381-8266,제 카드번호는 일육구오 오육이육 일삼팔일 팔이육육이에요.,False,0.6065232753753662
/home/hye0n/projects/cnn-based-audio-pii-classification/src/cnn/rev2/out/degraded/s43/g711_snr20/positive_00387_spk10.wav,1,positive,spk10,card_2,5.04,card,5082-6421-2112-9749,제 카드번호는 오공팔이 육사이일 이일일이 구칠사구이에요.,False,0.7605702877044678
/home/hye0n/projects/cnn-based-audio-pii-classification/src/cnn/rev2/out/degraded/s43/g711_snr20/positive_00395_spk04.wav,1,positive,spk04,card_2,5.2,card,8317-8843-8626-0618,제 카드번호는 팔삼일칠 팔팔사삼 팔육이육 공육일팔이에요.,False,0.8262413144111633
/home/hye0n/projects/cnn-based-audio-pii-classification/src/cnn/rev2/out/degraded/s43/g711_snr20/positive_00399_spk08.wav,1,positive,spk08,card_2,4.96,card,5968-3891-7277-4668,제 카드번호는 오구육팔 삼팔구일 칠이칠칠 사육육팔이에요.,False,0.8588686585426331
/home/hye0n/projects/cnn-based-audio-pii-classification/src/cnn/rev2/out/degraded/s43/g711_snr20/positive_00403_spk12.wav,1,positive,spk12,card_2,4.48,card,7564-4616-6256-8239,제 카드번호는 칠오육사 사육일육 육이오육 팔이삼구이에요.,False,0.25242388248443604
/home/hye0n/projects/cnn-based-audio-pii-classification/src/cnn/rev2/out/degraded/s43/g711_snr20/positive_00431_spk12.wav,1,positive,spk12,card_2,4.96,card,7840-2986-2209-1033,제 카드번호는 칠팔사공 이구팔육 이이공구 일공삼삼이에요.,False,0.3603658974170685
/home/hye0n/projects/cnn-based-audio-pii-classification/src/cnn/rev2/out/degraded/s43/g711_snr20/positive_00435_spk02.wav,1,positive,spk02,card_2,5.68,card,8897-7756-4150-0599,제 카드번호는 팔팔구칠 칠칠오육 사일오공 공오구구이에요.,False,0.5869141817092896
/home/hye0n/projects/cnn-based-audio-pii-classification/src/cnn/rev2/out/degraded/s43/g711_snr20/positive_00443_spk10.wav,1,positive,spk10,card_2,4.56,card,5262-1680-1311-5372,제 카드번호는 오이육이 일육팔공 일삼일일 오삼칠이이에요.,False,0.3731323480606079
/home/hye0n/projects/cnn-based-audio-pii-classification/src/cnn/rev2/out/degraded/s43/g711_snr20/positive_00447_spk14.wav,1,positive,spk14,card_2,4.96,card,7126-4498-0939-1229,제 카드번호는 칠일이육 사사구팔 공구삼구 일이이구이에요.,False,0.8098467588424683
/home/hye0n/projects/cnn-based-audio-pii-classification/src/cnn/rev2/out/degraded/s43/g711_snr20/positive_00455_spk08.wav,1,positive,spk08,card_2,5.76,card,4566-4089-1858-0424,제 카드번호는 사오육육 사공팔구 일팔오팔 공사이사이에요.,False,0.9318901896476746
/home/hye0n/projects/cnn-based-audio-pii-classification/src/cnn/rev2/out/degraded/s43/g711_snr20/positive_00463_spk02.wav,1,positive,spk02,card_2,4.32,card,4914-2580-2852-5922,제 카드번호는 사구일사 이오팔공 이팔오이 오구이이이에요.,False,0.2905278503894806
/home/hye0n/projects/cnn-based-audio-pii-classification/src/cnn/rev2/out/degraded/s43/g711_snr20/positive_00471_spk10.wav,1,positive,spk10,card_2,6.16,card,8476-5644-2102-9032,제 카드번호는 팔사칠육 오육사사 이일공이 구공삼이이에요.,False,0.8192499876022339
/home/hye0n/projects/cnn-based-audio-pii-classification/src/cnn/rev2/out/degraded/s43/g711_snr20/positive_00475_spk14.wav,1,positive,spk14,card_2,5.12,card,2653-5286-3694-5669,제 카드번호는 이육오삼 오이팔육 삼육구사 오육육구이에요.,False,0.8216696381568909
/home/hye0n/projects/cnn-based-audio-pii-classification/src/cnn/rev2/out/degraded/s43/g711_snr20/positive_00479_spk04.wav,1,positive,spk04,card_2,4.88,card,9696-9513-2526-2804,제 카드번호는 구육구육 구오일삼 이오이육 이팔공사이에요.,False,0.5844275951385498
/home/hye0n/projects/cnn-based-audio-pii-classification/src/cnn/rev2/out/degraded/s43/g711_snr20/positive_00483_spk08.wav,1,positive,spk08,card_2,5.2,card,0496-8159-8938-4745,제 카드번호는 공사구육 팔일오구 팔구삼팔 사칠사오이에요.,False,0.9181397557258606
/home/hye0n/projects/cnn-based-audio-pii-classification/src/cnn/rev2/out/degraded/s43/g711_snr20/positive_00503_spk14.wav,1,positive,spk14,card_2,4.88,card,9343-9204-3189-5939,제 카드번호는 구삼사삼 구이공사 삼일팔구 오구삼구이에요.,False,0.8666040301322937
/home/hye0n/projects/cnn-based-audio-pii-classification/src/cnn/rev2/out/degraded/s43/g711_snr20/positive_00519_spk02.wav,1,positive,spk02,card_2,6.08,card,0841-9560-7871-2793,제 카드번호는 공팔사일 구오육공 칠팔칠일 이칠구삼이에요.,False,0.8459320068359375
/home/hye0n/projects/cnn-based-audio-pii-classification/src/cnn/rev2/out/degraded/s43/g711_snr20/positive_00523_spk06.wav,1,positive,spk06,card_2,3.92,card,6765-3340-6723-8221,제 카드번호는 육칠육오 삼삼사공 육칠이삼 팔이이일이에요.,False,0.34171468019485474
/home/hye0n/projects/cnn-based-audio-pii-classification/src/cnn/rev2/out/degraded/s43/g711_snr20/positive_00531_spk14.wav,1,positive,spk14,card_2,4.64,card,8011-5194-7861-5714,제 카드번호는 팔공일일 오일구사 칠팔육일 오칠일사이에요.,False,0.782584547996521
/home/hye0n/projects/cnn-based-audio-pii-classification/src/cnn/rev2/out/degraded/s43/g711_snr20/positive_00539_spk08.wav,1,positive,spk08,card_2,5.92,card,3972-0831-8700-3697,제 카드번호는 삼구칠이 공팔삼일 팔칠공공 삼육구칠이에요.,False,0.7706232070922852
/home/hye0n/projects/cnn-based-audio-pii-classification/src/cnn/rev2/out/degraded/s43/g711_snr20/positive_00547_spk02.wav,1,positive,spk02,card_2,5.76,card,0595-6504-8116-3052,제 카드번호는 공오구오 육오공사 팔일일육 삼공오이이에요.,False,0.40251606702804565
/home/hye0n/projects/cnn-based-audio-pii-classification/src/cnn/rev2/out/degraded/s43/g711_snr20/positive_00563_spk04.wav,1,positive,spk04,card_2,5.84,card,7625-5026-2616-6642,제 카드번호는 칠육이오 오공이육 이육일육 육육사이이에요.,False,0.9254690408706665
/home/hye0n/projects/cnn-based-audio-pii-classification/src/cnn/rev2/out/degraded/s43/g711_snr20/positive_00567_spk08.wav,1,positive,spk08,card_2,5.52,card,6813-8998-7714-8806,제 카드번호는 육팔일삼 팔구구팔 칠칠일사 팔팔공육이에요.,False,0.8428398370742798
/home/hye0n/projects/cnn-based-audio-pii-classification/src/cnn/rev2/out/degraded/s43/g711_snr20/positive_00579_spk06.wav,1,positive,spk06,card_2,5.04,card,0742-6941-5644-1044,제 카드번호는 공칠사이 육구사일 오육사사 일공사사이에요.,False,0.3642122745513916
/home/hye0n/projects/cnn-based-audio-pii-classification/src/cnn/rev2/out/degraded/s43/g711_snr20/positive_00587_spk14.wav,1,positive,spk14,card_2,4.96,card,0056-0372-4888-7585,제 카드번호는 공공오육 공삼칠이 사팔팔팔 칠오팔오이에요.,False,0.808300256729126
/home/hye0n/projects/cnn-based-audio-pii-classification/src/cnn/rev2/out/degraded/s43/g711_snr20/positive_00599_spk12.wav,1,positive,spk12,card_2,5.44,card,6775-4923-4508-0998,제 카드번호는 육칠칠오 사구이삼 사오공팔 공구구팔이에요.,False,0.4098077714443207
/home/hye0n/projects/cnn-based-audio-pii-classification/src/cnn/rev2/out/degraded/s43/g711_snr20/positive_00615_spk14.wav,1,positive,spk14,card_2,5.36,card,9902-3350-6498-3921,제 카드번호는 구구공이 삼삼오공 육사구팔 삼구이일이에요.,False,0.8103117346763611
/home/hye0n/projects/cnn-based-audio-pii-classification/src/cnn/rev2/out/degraded/s43/g711_snr20/positive_00631_spk02.wav,1,positive,spk02,card_2,5.12,card,6756-2252-3791-1113,제 카드번호는 육칠오육 이이오이 삼칠구일 일일일삼이에요.,False,0.6306657791137695
/home/hye0n/projects/cnn-based-audio-pii-classification/src/cnn/rev2/out/degraded/s43/g711_snr20/positive_00651_spk08.wav,1,positive,spk08,card_2,5.84,card,0256-3394-9617-2362,제 카드번호는 공이오육 삼삼구사 구육일칠 이삼육이이에요.,False,0.7711352109909058
/home/hye0n/projects/cnn-based-audio-pii-classification/src/cnn/rev2/out/degraded/s43/g711_snr20/positive_00667_spk10.wav,1,positive,spk10,card_2,5.12,card,7061-7353-9125-9088,제 카드번호는 칠공육일 칠삼오삼 구일이오 구공팔팔이에요.,False,0.8728266954421997
/home/hye0n/projects/cnn-based-audio-pii-classification/src/cnn/rev2/out/degraded/s43/g711_snr20/positive_00687_spk02.wav,1,positive,spk02,card_2,5.36,card,7563-3434-7183-4773,제 카드번호는 칠오육삼 삼사삼사 칠일팔삼 사칠칠삼이에요.,False,0.538004994392395
/home/hye0n/projects/cnn-based-audio-pii-classification/src/cnn/rev2/out/degraded/s43/g711_snr20/positive_00691_spk06.wav,1,positive,spk06,card_2,4.96,card,1211-7357-9796-7851,제 카드번호는 일이일일 칠삼오칠 구칠구육 칠팔오일이에요.,False,0.7154233455657959
/home/hye0n/projects/cnn-based-audio-pii-classification/src/cnn/rev2/out/degraded/s43/g711_snr20/positive_00695_spk10.wav,1,positive,spk10,card_2,4.96,card,1791-4067-5816-2725,제 카드번호는 일칠구일 사공육칠 오팔일육 이칠이오이에요.,False,0.6783971190452576
/home/hye0n/projects/cnn-based-audio-pii-classification/src/cnn/rev2/out/degraded/s43/g711_snr20/positive_00699_spk14.wav,1,positive,spk14,card_2,4.88,card,7303-6129-6408-7586,제 카드번호는 칠삼공삼 육일이구 육사공팔 칠오팔육이에요.,False,0.9450168013572693
/home/hye0n/projects/cnn-based-audio-pii-classification/src/cnn/rev2/out/degraded/s43/g711_snr20/positive_00707_spk08.wav,1,positive,spk08,card_2,5.68,card,0370-5620-1791-2692,제 카드번호는 공삼칠공 오육이공 일칠구일 이육구이이에요.,False,0.6597399711608887
/home/hye0n/projects/cnn-based-audio-pii-classification/src/cnn/rev2/out/degraded/s43/g711_snr20/positive_00711_spk12.wav,1,positive,spk12,card_2,5.2,card,3053-7080-6481-0478,제 카드번호는 삼공오삼 칠공팔공 육사팔일 공사칠팔이에요.,False,0.6216230392456055
/home/hye0n/projects/cnn-based-audio-pii-classification/src/cnn/rev2/out/degraded/s43/g711_snr20/positive_00727_spk14.wav,1,positive,spk14,card_2,5.12,card,2298-3065-5154-7389,제 카드번호는 이이구팔 삼공육오 오일오사 칠삼팔구이에요.,False,0.8374016880989075
/home/hye0n/projects/cnn-based-audio-pii-classification/src/cnn/rev2/out/degraded/s43/g711_snr20/positive_00731_spk04.wav,1,positive,spk04,card_2,4.8,card,7272-8006-2740-1354,제 카드번호는 칠이칠이 팔공공육 이칠사공 일삼오사이에요.,False,0.9588760137557983
/home/hye0n/projects/cnn-based-audio-pii-classification/src/cnn/rev2/out/degraded/s43/g711_snr20/positive_00743_spk02.wav,1,positive,spk02,card_2,4.96,card,3390-0972-9340-5747,제 카드번호는 삼삼구공 공구칠이 구삼사공 오칠사칠이에요.,False,0.32823899388313293
/home/hye0n/projects/cnn-based-audio-pii-classification/src/cnn/rev2/out/degraded/s43/g711_snr20/positive_00747_spk06.wav,1,positive,spk06,card_2,4.96,card,2221-6743-0971-4543,제 카드번호는 이이이일 육칠사삼 공구칠일 사오사삼이에요.,False,0.7107491493225098
/home/hye0n/projects/cnn-based-audio-pii-classification/src/cnn/rev2/out/degraded/s43/g711_snr20/positive_00751_spk10.wav,1,positive,spk10,card_2,4.64,card,6786-6146-7405-1237,제 카드번호는 육칠팔육 육일사육 칠사공오 일이삼칠이에요.,False,0.49735450744628906
/home/hye0n/projects/cnn-based-audio-pii-classification/src/cnn/rev2/out/degraded/s43/g711_snr20/positive_00775_spk06.wav,1,positive,spk06,card_2,4.88,card,9999-2688-7210-5753,제 카드번호는 구구구구 이육팔팔 칠이일공 오칠오삼이에요.,False,0.5437333583831787
/home/hye0n/projects/cnn-based-audio-pii-classification/src/cnn/rev2/out/degraded/s43/g711_snr20/positive_00787_spk04.wav,1,positive,spk04,card_2,5.04,card,5916-5185-2162-6337,제 카드번호는 오구일육 오일팔오 이일육이 육삼삼칠이에요.,False,0.9232566952705383
/home/hye0n/projects/cnn-based-audio-pii-classification/src/cnn/rev2/out/degraded/s43/g711_snr20/positive_00799_spk02.wav,1,positive,spk02,card_2,5.28,card,7428-9975-0901-5067,제 카드번호는 칠사이팔 구구칠오 공구공일 오공육칠이에요.,False,0.5342795848846436
/home/hye0n/projects/cnn-based-audio-pii-classification/src/cnn/rev2/out/degraded/s43/g711_snr20/positive_00803_spk06.wav,1,positive,spk06,card_2,5.84,card,2735-6092-2079-4403,제 카드번호는 이칠삼오 육공구이 이공칠구 사사공삼이에요.,False,0.7633724808692932
/home/hye0n/projects/cnn-based-audio-pii-classification/src/cnn/rev2/out/degraded/s43/g711_snr20/positive_00831_spk06.wav,1,positive,spk06,card_2,6.0,card,7511-1391-9515-1565,제 카드번호는 칠오일일 일삼구일 구오일오 일오육오이에요.,False,0.8151193857192993
/home/hye0n/projects/cnn-based-audio-pii-classification/src/cnn/rev2/out/degraded/s43/g711_snr20/positive_00863_spk10.wav,1,positive,spk10,card_2,4.96,card,7859-8921-7940-5636,제 카드번호는 칠팔오구 팔구이일 칠구사공 오육삼육이에요.,False,0.9233665466308594
/home/hye0n/projects/cnn-based-audio-pii-classification/src/cnn/rev2/out/degraded/s43/g711_snr20/positive_00867_spk14.wav,1,positive,spk14,card_2,4.96,card,0959-7728-8674-5856,제 카드번호는 공구오구 칠칠이팔 팔육칠사 오팔오육이에요.,False,0.8760170340538025
/home/hye0n/projects/cnn-based-audio-pii-classification/src/cnn/rev2/out/degraded/s43/g711_snr20/positive_00871_spk04.wav,1,positive,spk04,card_2,4.88,card,5813-2846-2885-3875,제 카드번호는 오팔일삼 이팔사육 이팔팔오 삼팔칠오이에요.,False,0.8346325755119324
