filename,filepath,text,value,pii_type,gender,speaker_id,template_id,source_type,label,duration,n_digits,n_groups,max_run,frame,axis
probe_00003_spk04.wav,output/probe_00003_spk04.wav,번호는 공일삼삼입니다.,0133,,male,spk04,probe_cont_4,probe,-1,2.0,4,1,4,sentence,continuous
probe_00007_spk08.wav,output/probe_00007_spk08.wav,번호는 이육오사입니다.,2654,,male,spk08,probe_cont_4,probe,-1,1.76,4,1,4,sentence,continuous
probe_00011_spk12.wav,output/probe_00011_spk12.wav,번호는 칠팔일육입니다.,7816,,male,spk12,probe_cont_4,probe,-1,1.68,4,1,4,sentence,continuous
probe_00015_spk02.wav,output/probe_00015_spk02.wav,번호는 삼일육사입니다.,3164,,male,spk02,probe_cont_4,probe,-1,2.0,4,1,4,sentence,continuous
probe_00019_spk06.wav,output/probe_00019_spk06.wav,번호는 이칠육사입니다.,2764,,male,spk06,probe_cont_4,probe,-1,2.88,4,1,4,sentence,continuous
probe_00023_spk10.wav,output/probe_00023_spk10.wav,번호는 오삼칠육입니다.,5376,,male,spk10,probe_cont_4,probe,-1,2.24,4,1,4,sentence,continuous
probe_00027_spk14.wav,output/probe_00027_spk14.wav,번호는 오삼이팔입니다.,5328,,female,spk14,probe_cont_4,probe,-1,2.16,4,1,4,sentence,continuous
probe_00031_spk04.wav,output/probe_00031_spk04.wav,번호는 칠팔사팔입니다.,7848,,male,spk04,probe_cont_4,probe,-1,1.68,4,1,4,sentence,continuous
probe_00035_spk08.wav,output/probe_00035_spk08.wav,번호는 팔이팔일입니다.,8281,,male,spk08,probe_cont_4,probe,-1,1.84,4,1,4,sentence,continuous
probe_00039_spk12.wav,output/probe_00039_spk12.wav,번호는 칠공일오입니다.,7015,,male,spk12,probe_cont_4,probe,-1,1.6,4,1,4,sentence,continuous
probe_00043_spk02.wav,output/probe_00043_spk02.wav,번호는 칠팔이사입니다.,7824,,male,spk02,probe_cont_4,probe,-1,1.84,4,1,4,sentence,continuous
probe_00047_spk06.wav,output/probe_00047_spk06.wav,번호는 일삼삼일입니다.,1331,,male,spk06,probe_cont_4,probe,-1,2.32,4,1,4,sentence,continuous
probe_00051_spk10.wav,output/probe_00051_spk10.wav,번호는 공오일팔입니다.,0518,,male,spk10,probe_cont_4,probe,-1,2.4,4,1,4,sentence,continuous
probe_00055_spk14.wav,output/probe_00055_spk14.wav,번호는 삼일일육입니다.,3116,,female,spk14,probe_cont_4,probe,-1,1.68,4,1,4,sentence,continuous
probe_00059_spk04.wav,output/probe_00059_spk04.wav,번호는 삼팔칠이입니다.,3872,,male,spk04,probe_cont_4,probe,-1,1.92,4,1,4,sentence,continuous
probe_00063_spk08.wav,output/probe_00063_spk08.wav,번호는 일삼이육입니다.,1326,,male,spk08,probe_cont_4,probe,-1,2.56,4,1,4,sentence,continuous
probe_00067_spk12.wav,output/probe_00067_spk12.wav,번호는 육팔칠이입니다.,6872,,male,spk12,probe_cont_4,probe,-1,1.68,4,1,4,sentence,continuous
probe_00071_spk02.wav,output/probe_00071_spk02.wav,번호는 팔팔이공입니다.,8820,,male,spk02,probe_cont_4,probe,-1,2.4,4,1,4,sentence,continuous
probe_00075_spk06.wav,output/probe_00075_spk06.wav,번호는 구공구일입니다.,9091,,male,spk06,probe_cont_4,probe,-1,2.48,4,1,4,sentence,continuous
probe_00079_spk10.wav,output/probe_00079_spk10.wav,번호는 사칠오일입니다.,4751,,male,spk10,probe_cont_4,probe,-1,2.0,4,1,4,sentence,continuous
probe_00083_spk14.wav,output/probe_00083_spk14.wav,번호는 일삼오사입니다.,1354,,female,spk14,probe_cont_4,probe,-1,1.84,4,1,4,sentence,continuous
probe_00087_spk04.wav,output/probe_00087_spk04.wav,번호는 일일팔이입니다.,1182,,male,spk04,probe_cont_4,probe,-1,1.68,4,1,4,sentence,continuous
probe_00091_spk08.wav,output/probe_00091_spk08.wav,번호는 육사공공입니다.,6400,,male,spk08,probe_cont_4,probe,-1,1.84,4,1,4,sentence,continuous
probe_00095_spk12.wav,output/probe_00095_spk12.wav,번호는 팔공오구입니다.,8059,,male,spk12,probe_cont_4,probe,-1,1.52,4,1,4,sentence,continuous
probe_00099_spk02.wav,output/probe_00099_spk02.wav,번호는 오팔육구입니다.,5869,,male,spk02,probe_cont_4,probe,-1,1.84,4,1,4,sentence,continuous
probe_00103_spk06.wav,output/probe_00103_spk06.wav,번호는 칠오사삼삼공입니다.,754330,,male,spk06,probe_cont_6,probe,-1,2.88,6,1,6,sentence,continuous
probe_00107_spk10.wav,output/probe_00107_spk10.wav,번호는 일구육오오육입니다.,196556,,male,spk10,probe_cont_6,probe,-1,2.16,6,1,6,sentence,continuous
probe_00111_spk14.wav,output/probe_00111_spk14.wav,번호는 오일사팔사육입니다.,514846,,female,spk14,probe_cont_6,probe,-1,2.56,6,1,6,sentence,continuous
probe_00115_spk04.wav,output/probe_00115_spk04.wav,번호는 육구구오칠칠입니다.,699577,,male,spk04,probe_cont_6,probe,-1,2.4,6,1,6,sentence,continuous
probe_00119_spk08.wav,output/probe_00119_spk08.wav,번호는 삼칠구일칠육입니다.,379176,,male,spk08,probe_cont_6,probe,-1,2.4,6,1,6,sentence,continuous
probe_00123_spk12.wav,output/probe_00123_spk12.wav,번호는 칠이칠팔팔구입니다.,727889,,male,spk12,probe_cont_6,probe,-1,2.16,6,1,6,sentence,continuous
probe_00127_spk02.wav,output/probe_00127_spk02.wav,번호는 일사삼사오오입니다.,143455,,male,spk02,probe_cont_6,probe,-1,3.36,6,1,6,sentence,continuous
probe_00131_spk06.wav,output/probe_00131_spk06.wav,번호는 육구공구육칠입니다.,690967,,male,spk06,probe_cont_6,probe,-1,3.68,6,1,6,sentence,continuous
probe_00135_spk10.wav,output/probe_00135_spk10.wav,번호는 이칠이구팔공입니다.,272980,,male,spk10,probe_cont_6,probe,-1,2.56,6,1,6,sentence,continuous
probe_00139_spk14.wav,output/probe_00139_spk14.wav,번호는 사육사일칠공입니다.,464170,,female,spk14,probe_cont_6,probe,-1,2.56,6,1,6,sentence,continuous
probe_00143_spk04.wav,output/probe_00143_spk04.wav,번호는 칠사오이구구입니다.,745299,,male,spk04,probe_cont_6,probe,-1,2.24,6,1,6,sentence,continuous
probe_00147_spk08.wav,output/probe_00147_spk08.wav,번호는 구공오팔육오입니다.,905865,,male,spk08,probe_cont_6,probe,-1,2.56,6,1,6,sentence,continuous
probe_00151_spk12.wav,output/probe_00151_spk12.wav,번호는 칠육구사오삼입니다.,769453,,male,spk12,probe_cont_6,probe,-1,1.68,6,1,6,sentence,continuous
probe_00155_spk02.wav,output/probe_00155_spk02.wav,번호는 사구사팔공팔입니다.,494808,,male,spk02,probe_cont_6,probe,-1,2.4,6,1,6,sentence,continuous
probe_00159_spk06.wav,output/probe_00159_spk06.wav,번호는 오칠팔팔오육입니다.,578856,,male,spk06,probe_cont_6,probe,-1,2.0,6,1,6,sentence,continuous
probe_00163_spk10.wav,output/probe_00163_spk10.wav,번호는 구팔구사일삼입니다.,989413,,male,spk10,probe_cont_6,probe,-1,2.8,6,1,6,sentence,continuous
probe_00167_spk14.wav,output/probe_00167_spk14.wav,번호는 사칠칠칠오이입니다.,477752,,female,spk14,probe_cont_6,probe,-1,2.56,6,1,6,sentence,continuous
probe_00171_spk04.wav,output/probe_00171_spk04.wav,번호는 육구구구삼팔입니다.,699938,,male,spk04,probe_cont_6,probe,-1,2.32,6,1,6,sentence,continuous
probe_00175_spk08.wav,output/probe_00175_spk08.wav,번호는 이팔일이공육입니다.,281206,,male,spk08,probe_cont_6,probe,-1,2.16,6,1,6,sentence,continuous
probe_00179_spk12.wav,output/probe_00179_spk12.wav,번호는 이사이일공이입니다.,242102,,male,spk12,probe_cont_6,probe,-1,1.92,6,1,6,sentence,continuous
probe_00183_spk02.wav,output/probe_00183_spk02.wav,번호는 오구사공일삼입니다.,594013,,male,spk02,probe_cont_6,probe,-1,2.72,6,1,6,sentence,continuous
probe_00187_spk06.wav,output/probe_00187_spk06.wav,번호는 육오오일이오입니다.,655125,,male,spk06,probe_cont_6,probe,-1,3.12,6,1,6,sentence,continuous
probe_00191_spk10.wav,output/probe_00191_spk10.wav,번호는 공삼팔오구칠입니다.,038597,,male,spk10,probe_cont_6,probe,-1,3.04,6,1,6,sentence,continuous
probe_00195_spk14.wav,output/probe_00195_spk14.wav,번호는 육일삼일칠일입니다.,613171,,female,spk14,probe_cont_6,probe,-1,2.4,6,1,6,sentence,continuous
probe_00199_spk04.wav,output/probe_00199_spk04.wav,번호는 사육오팔사공입니다.,465840,,male,spk04,probe_cont_6,probe,-1,2.16,6,1,6,sentence,continuous
probe_00203_spk08.wav,output/probe_00203_spk08.wav,번호는 칠육육이칠공이팔입니다.,76627028,,male,spk08,probe_cont_8,probe,-1,3.04,8,1,8,sentence,continuous
probe_00207_spk12.wav,output/probe_00207_spk12.wav,번호는 공구일삼사삼일육입니다.,09134316,,male,spk12,probe_cont_8,probe,-1,2.4,8,1,8,sentence,continuous
probe_00211_spk02.wav,output/probe_00211_spk02.wav,번호는 구삼칠구이삼칠사입니다.,93792374,,male,spk02,probe_cont_8,probe,-1,3.36,8,1,8,sentence,continuous
probe_00215_spk06.wav,output/probe_00215_spk06.wav,번호는 구사사공육사공구입니다.,94406409,,male,spk06,probe_cont_8,probe,-1,2.64,8,1,8,sentence,continuous
probe_00219_spk10.wav,output/probe_00219_spk10.wav,번호는 이삼이팔오팔팔사입니다.,23285884,,male,spk10,probe_cont_8,probe,-1,2.64,8,1,8,sentence,continuous
probe_00223_spk14.wav,output/probe_00223_spk14.wav,번호는 오일삼칠공구팔오입니다.,51370985,,female,spk14,probe_cont_8,probe,-1,2.56,8,1,8,sentence,continuous
probe_00227_spk04.wav,output/probe_00227_spk04.wav,번호는 육일칠구육사공오입니다.,61796405,,male,spk04,probe_cont_8,probe,-1,2.56,8,1,8,sentence,continuous
probe_00231_spk08.wav,output/probe_00231_spk08.wav,번호는 삼일팔삼구삼삼오입니다.,31839335,,male,spk08,probe_cont_8,probe,-1,3.2,8,1,8,sentence,continuous
probe_00235_spk12.wav,output/probe_00235_spk12.wav,번호는 일일칠칠오팔구일입니다.,11775891,,male,spk12,probe_cont_8,probe,-1,2.64,8,1,8,sentence,continuous
probe_00239_spk02.wav,output/probe_00239_spk02.wav,번호는 구구팔오육구팔사입니다.,99856984,,male,spk02,probe_cont_8,probe,-1,2.96,8,1,8,sentence,continuous
probe_00243_spk06.wav,output/probe_00243_spk06.wav,번호는 일일일일육일오이입니다.,11116152,,male,spk06,probe_cont_8,probe,-1,3.04,8,1,8,sentence,continuous
probe_00247_spk10.wav,output/probe_00247_spk10.wav,번호는 팔오일사구삼육팔입니다.,85149368,,male,spk10,probe_cont_8,probe,-1,3.68,8,1,8,sentence,continuous
probe_00251_spk14.wav,output/probe_00251_spk14.wav,번호는 육칠오이오사오구입니다.,67525459,,female,spk14,probe_cont_8,probe,-1,2.56,8,1,8,sentence,continuous
probe_00255_spk04.wav,output/probe_00255_spk04.wav,번호는 칠팔사공삼육구공입니다.,78403690,,male,spk04,probe_cont_8,probe,-1,2.72,8,1,8,sentence,continuous
probe_00259_spk08.wav,output/probe_00259_spk08.wav,번호는 공칠일오구육구육입니다.,07159696,,male,spk08,probe_cont_8,probe,-1,2.96,8,1,8,sentence,continuous
probe_00263_spk12.wav,output/probe_00263_spk12.wav,번호는 이일팔일팔팔삼오입니다.,21818835,,male,spk12,probe_cont_8,probe,-1,2.4,8,1,8,sentence,continuous
probe_00267_spk02.wav,output/probe_00267_spk02.wav,번호는 칠칠사사구공오팔입니다.,77449058,,male,spk02,probe_cont_8,probe,-1,2.48,8,1,8,sentence,continuous
probe_00271_spk06.wav,output/probe_00271_spk06.wav,번호는 팔이공칠일오일팔입니다.,82071518,,male,spk06,probe_cont_8,probe,-1,3.36,8,1,8,sentence,continuous
probe_00275_spk10.wav,output/probe_00275_spk10.wav,번호는 사구이오일구이오입니다.,49251925,,male,spk10,probe_cont_8,probe,-1,2.64,8,1,8,sentence,continuous
probe_00279_spk14.wav,output/probe_00279_spk14.wav,번호는 이이일사일팔팔팔입니다.,22141888,,female,spk14,probe_cont_8,probe,-1,3.36,8,1,8,sentence,continuous
probe_00283_spk04.wav,output/probe_00283_spk04.wav,번호는 칠삼오구칠칠사육입니다.,73597746,,male,spk04,probe_cont_8,probe,-1,2.56,8,1,8,sentence,continuous
probe_00287_spk08.wav,output/probe_00287_spk08.wav,번호는 삼칠오공육공육팔입니다.,37506068,,male,spk08,probe_cont_8,probe,-1,3.04,8,1,8,sentence,continuous
probe_00291_spk12.wav,output/probe_00291_spk12.wav,번호는 이팔구팔육일사삼입니다.,28986143,,male,spk12,probe_cont_8,probe,-1,2.24,8,1,8,sentence,continuous
probe_00295_spk02.wav,output/probe_00295_spk02.wav,번호는 육이일팔오일팔팔입니다.,62185188,,male,spk02,probe_cont_8,probe,-1,2.64,8,1,8,sentence,continuous
probe_00299_spk06.wav,output/probe_00299_spk06.wav,번호는 칠칠이이일칠공사입니다.,77221704,,male,spk06,probe_cont_8,probe,-1,3.92,8,1,8,sentence,continuous
probe_00303_spk10.wav,output/probe_00303_spk10.wav,번호는 사일육일육구이팔사오입니다.,4161692845,,male,spk10,probe_cont_10,probe,-1,3.28,10,1,10,sentence,continuous
probe_00307_spk14.wav,output/probe_00307_spk14.wav,번호는 삼오오육구공구이칠오입니다.,3556909275,,female,spk14,probe_cont_10,probe,-1,3.28,10,1,10,sentence,continuous
probe_00311_spk04.wav,output/probe_00311_spk04.wav,번호는 칠이칠일오오일팔팔사입니다.,7271551884,,male,spk04,probe_cont_10,probe,-1,3.2,10,1,10,sentence,continuous
probe_00315_spk08.wav,output/probe_00315_spk08.wav,번호는 이오일칠칠팔오이팔구입니다.,2517785289,,male,spk08,probe_cont_10,probe,-1,2.96,10,1,10,sentence,continuous
probe_00319_spk12.wav,output/probe_00319_spk12.wav,번호는 이이구구오구공공일공입니다.,2299590010,,male,spk12,probe_cont_10,probe,-1,3.12,10,1,10,sentence,continuous
probe_00323_spk02.wav,output/probe_00323_spk02.wav,번호는 육이오팔팔일오삼칠일입니다.,6258815371,,male,spk02,probe_cont_10,probe,-1,2.48,10,1,10,sentence,continuous
probe_00327_spk06.wav,output/probe_00327_spk06.wav,번호는 구오공공사칠구칠사팔입니다.,9500479748,,male,spk06,probe_cont_10,probe,-1,3.04,10,1,10,sentence,continuous
probe_00331_spk10.wav,output/probe_00331_spk10.wav,번호는 오팔오이삼구팔육팔공입니다.,5852398680,,male,spk10,probe_cont_10,probe,-1,3.68,10,1,10,sentence,continuous
probe_00335_spk14.wav,output/probe_00335_spk14.wav,번호는 일육구사공구칠사구구입니다.,1694097499,,female,spk14,probe_cont_10,probe,-1,3.36,10,1,10,sentence,continuous
probe_00339_spk04.wav,output/probe_00339_spk04.wav,번호는 오칠팔육오이칠팔오팔입니다.,5786527858,,male,spk04,probe_cont_10,probe,-1,3.36,10,1,10,sentence,continuous
probe_00343_spk08.wav,output/probe_00343_spk08.wav,번호는 일오칠사칠삼삼팔사팔입니다.,1574733848,,male,spk08,probe_cont_10,probe,-1,3.12,10,1,10,sentence,continuous
probe_00347_spk12.wav,output/probe_00347_spk12.wav,번호는 구삼팔공이육이공육칠입니다.,9380262067,,male,spk12,probe_cont_10,probe,-1,2.72,10,1,10,sentence,continuous
probe_00351_spk02.wav,output/probe_00351_spk02.wav,번호는 이구육육팔오일육일이입니다.,2966851612,,male,spk02,probe_cont_10,probe,-1,2.8,10,1,10,sentence,continuous
probe_00355_spk06.wav,output/probe_00355_spk06.wav,번호는 삼삼이칠이칠구오육팔입니다.,3327279568,,male,spk06,probe_cont_10,probe,-1,3.2,10,1,10,sentence,continuous
probe_00359_spk10.wav,output/probe_00359_spk10.wav,번호는 칠공칠이팔육칠구공팔입니다.,7072867908,,male,spk10,probe_cont_10,probe,-1,3.04,10,1,10,sentence,continuous
probe_00363_spk14.wav,output/probe_00363_spk14.wav,번호는 이오일이팔육팔이삼공입니다.,2512868230,,female,spk14,probe_cont_10,probe,-1,3.28,10,1,10,sentence,continuous
probe_00367_spk04.wav,output/probe_00367_spk04.wav,번호는 육칠삼팔삼공이팔사삼입니다.,6738302843,,male,spk04,probe_cont_10,probe,-1,3.68,10,1,10,sentence,continuous
probe_00371_spk08.wav,output/probe_00371_spk08.wav,번호는 이팔칠삼삼사이칠공팔입니다.,2873342708,,male,spk08,probe_cont_10,probe,-1,3.84,10,1,10,sentence,continuous
probe_00375_spk12.wav,output/probe_00375_spk12.wav,번호는 사공삼삼일칠삼구삼육입니다.,4033173936,,male,spk12,probe_cont_10,probe,-1,3.68,10,1,10,sentence,continuous
probe_00379_spk02.wav,output/probe_00379_spk02.wav,번호는 육사이삼오삼육구삼칠입니다.,6423536937,,male,spk02,probe_cont_10,probe,-1,3.2,10,1,10,sentence,continuous
probe_00383_spk06.wav,output/probe_00383_spk06.wav,번호는 공구구칠칠공공팔팔육입니다.,0997700886,,male,spk06,probe_cont_10,probe,-1,2.8,10,1,10,sentence,continuous
probe_00387_spk10.wav,output/probe_00387_spk10.wav,번호는 일공일육육육팔칠공공입니다.,1016668700,,male,spk10,probe_cont_10,probe,-1,2.88,10,1,10,sentence,continuous
probe_00391_spk14.wav,output/probe_00391_spk14.wav,번호는 구삼구육팔오육이일팔입니다.,9396856218,,female,spk14,probe_cont_10,probe,-1,3.28,10,1,10,sentence,continuous
probe_00395_spk04.wav,output/probe_00395_spk04.wav,번호는 사이육이육오오일일공입니다.,4262655110,,male,spk04,probe_cont_10,probe,-1,2.8,10,1,10,sentence,continuous
probe_00399_spk08.wav,output/probe_00399_spk08.wav,번호는 삼구팔이육이이사사사입니다.,3982622444,,male,spk08,probe_cont_10,probe,-1,2.88,10,1,10,sentence,continuous
probe_00403_spk12.wav,output/probe_00403_spk12.wav,번호는 칠오이육오사칠구삼오육사입니다.,752654793564,,male,spk12,probe_cont_12,probe,-1,3.36,12,1,12,sentence,continuous
probe_00407_spk02.wav,output/probe_00407_spk02.wav,번호는 팔구일일삼오이구공구육오입니다.,891135290965,,male,spk02,probe_cont_12,probe,-1,2.96,12,1,12,sentence,continuous
probe_00411_spk06.wav,output/probe_00411_spk06.wav,번호는 칠일칠칠오일사공일공오일입니다.,717751401051,,male,spk06,probe_cont_12,probe,-1,2.96,12,1,12,sentence,continuous
probe_00415_spk10.wav,output/probe_00415_spk10.wav,번호는 일사칠팔오구육구육구일오입니다.,147859696915,,male,spk10,probe_cont_12,probe,-1,2.72,12,1,12,sentence,continuous
probe_00419_spk14.wav,output/probe_00419_spk14.wav,번호는 칠구공오공칠이삼육팔팔칠입니다.,790507236887,,female,spk14,probe_cont_12,probe,-1,3.6,12,1,12,sentence,continuous
probe_00423_spk04.wav,output/probe_00423_spk04.wav,번호는 사공칠사오일칠일삼삼구오입니다.,407451713395,,male,spk04,probe_cont_12,probe,-1,3.44,12,1,12,sentence,continuous
probe_00427_spk08.wav,output/probe_00427_spk08.wav,번호는 사육육칠일일육팔사오칠칠입니다.,466711684577,,male,spk08,probe_cont_12,probe,-1,3.68,12,1,12,sentence,continuous
probe_00431_spk12.wav,output/probe_00431_spk12.wav,번호는 사이사일오사일오이공육사입니다.,424154152064,,male,spk12,probe_cont_12,probe,-1,2.88,12,1,12,sentence,continuous
probe_00435_spk02.wav,output/probe_00435_spk02.wav,번호는 공구이칠오삼이육구칠삼일입니다.,092753269731,,male,spk02,probe_cont_12,probe,-1,4.08,12,1,12,sentence,continuous
probe_00439_spk06.wav,output/probe_00439_spk06.wav,번호는 팔공오오이육구육오팔이칠입니다.,805526965827,,male,spk06,probe_cont_12,probe,-1,2.88,12,1,12,sentence,continuous
probe_00443_spk10.wav,output/probe_00443_spk10.wav,번호는 공삼일육일칠구구공사이일입니다.,031617990421,,male,spk10,probe_cont_12,probe,-1,2.8,12,1,12,sentence,continuous
probe_00447_spk14.wav,output/probe_00447_spk14.wav,번호는 일삼팔공공공삼공칠오육이입니다.,138000307562,,female,spk14,probe_cont_12,probe,-1,3.2,12,1,12,sentence,continuous
probe_00451_spk04.wav,output/probe_00451_spk04.wav,번호는 삼칠오구칠삼팔삼이공육공입니다.,375973832060,,male,spk04,probe_cont_12,probe,-1,3.76,12,1,12,sentence,continuous
probe_00455_spk08.wav,output/probe_00455_spk08.wav,번호는 삼사사오육오오칠사삼일삼입니다.,344565574313,,male,spk08,probe_cont_12,probe,-1,4.08,12,1,12,sentence,continuous
probe_00459_spk12.wav,output/probe_00459_spk12.wav,번호는 공육칠팔팔삼일칠일이일공입니다.,067883171210,,male,spk12,probe_cont_12,probe,-1,3.44,12,1,12,sentence,continuous
probe_00463_spk02.wav,output/probe_00463_spk02.wav,번호는 칠이공구구구삼사칠육팔칠입니다.,720999347687,,male,spk02,probe_cont_12,probe,-1,2.96,12,1,12,sentence,continuous
probe_00467_spk06.wav,output/probe_00467_spk06.wav,번호는 일삼삼사팔공삼구육오이이입니다.,133480396522,,male,spk06,probe_cont_12,probe,-1,3.68,12,1,12,sentence,continuous
probe_00471_spk10.wav,output/probe_00471_spk10.wav,번호는 이구이일팔오일오육구일오입니다.,292185156915,,male,spk10,probe_cont_12,probe,-1,3.76,12,1,12,sentence,continuous
probe_00475_spk14.wav,output/probe_00475_spk14.wav,번호는 오오이일오칠공사삼삼일오입니다.,552157043315,,female,spk14,probe_cont_12,probe,-1,3.52,12,1,12,sentence,continuous
probe_00479_spk04.wav,output/probe_00479_spk04.wav,번호는 구구칠공육이구육이공일오입니다.,997062962015,,male,spk04,probe_cont_12,probe,-1,3.44,12,1,12,sentence,continuous
probe_00483_spk08.wav,output/probe_00483_spk08.wav,번호는 칠사일팔육이오육오이칠공입니다.,741862565270,,male,spk08,probe_cont_12,probe,-1,3.36,12,1,12,sentence,continuous
probe_00487_spk12.wav,output/probe_00487_spk12.wav,번호는 일칠이이삼삼이공육일육삼입니다.,172233206163,,male,spk12,probe_cont_12,probe,-1,3.6,12,1,12,sentence,continuous
probe_00491_spk02.wav,output/probe_00491_spk02.wav,번호는 칠구구칠공이사육이구구육입니다.,799702462996,,male,spk02,probe_cont_12,probe,-1,3.12,12,1,12,sentence,continuous
probe_00495_spk06.wav,output/probe_00495_spk06.wav,번호는 팔육이팔구공이삼삼공삼공입니다.,862890233030,,male,spk06,probe_cont_12,probe,-1,3.28,12,1,12,sentence,continuous
probe_00499_spk10.wav,output/probe_00499_spk10.wav,번호는 육팔공공칠이이구공삼사구입니다.,680072290349,,male,spk10,probe_cont_12,probe,-1,3.6,12,1,12,sentence,continuous
probe_00503_spk14.wav,output/probe_00503_spk14.wav,번호는 칠사사육육육공구구삼오삼팔칠입니다.,74466609935387,,female,spk14,probe_cont_14,probe,-1,4.56,14,1,14,sentence,continuous
probe_00507_spk04.wav,output/probe_00507_spk04.wav,번호는 이이삼오육구칠이오이일칠오이입니다.,22356972521752,,male,spk04,probe_cont_14,probe,-1,4.16,14,1,14,sentence,continuous
probe_00511_spk08.wav,output/probe_00511_spk08.wav,번호는 공사사칠팔구팔오육이오칠오삼입니다.,04478985625753,,male,spk08,probe_cont_14,probe,-1,3.76,14,1,14,sentence,continuous
probe_00515_spk12.wav,output/probe_00515_spk12.wav,번호는 이육일팔구일사일일칠삼구삼사입니다.,26189141173934,,male,spk12,probe_cont_14,probe,-1,3.52,14,1,14,sentence,continuous
probe_00519_spk02.wav,output/probe_00519_spk02.wav,번호는 이이오오칠구사일오오이일육육입니다.,22557941552166,,male,spk02,probe_cont_14,probe,-1,3.44,14,1,14,sentence,continuous
probe_00523_spk06.wav,output/probe_00523_spk06.wav,번호는 육삼칠오육이팔구공공이팔칠칠입니다.,63756289002877,,male,spk06,probe_cont_14,probe,-1,3.84,14,1,14,sentence,continuous
probe_00527_spk10.wav,output/probe_00527_spk10.wav,번호는 오공삼칠오팔구구칠오칠일일삼입니다.,50375899757113,,male,spk10,probe_cont_14,probe,-1,3.36,14,1,14,sentence,continuous
probe_00531_spk14.wav,output/probe_00531_spk14.wav,번호는 팔이구이이일육구구오팔육육구입니다.,82922169958669,,female,spk14,probe_cont_14,probe,-1,3.52,14,1,14,sentence,continuous
probe_00535_spk04.wav,output/probe_00535_spk04.wav,번호는 공공삼사이사사이공사삼팔공오입니다.,00342442043805,,male,spk04,probe_cont_14,probe,-1,4.24,14,1,14,sentence,continuous
probe_00539_spk08.wav,output/probe_00539_spk08.wav,번호는 사이이구사공오칠이공이오구공입니다.,42294057202590,,male,spk08,probe_cont_14,probe,-1,3.92,14,1,14,sentence,continuous
probe_00543_spk12.wav,output/probe_00543_spk12.wav,번호는 육일육사팔사공팔오팔팔칠칠공입니다.,61648408588770,,male,spk12,probe_cont_14,probe,-1,3.92,14,1,14,sentence,continuous
probe_00547_spk02.wav,output/probe_00547_spk02.wav,번호는 일팔공구일구공일오팔일사사구입니다.,18091901581449,,male,spk02,probe_cont_14,probe,-1,4.16,14,1,14,sentence,continuous
probe_00551_spk06.wav,output/probe_00551_spk06.wav,번호는 삼일이구공팔칠팔일사일사일삼입니다.,31290878141413,,male,spk06,probe_cont_14,probe,-1,3.44,14,1,14,sentence,continuous
probe_00555_spk10.wav,output/probe_00555_spk10.wav,번호는 이구일사이팔삼사일일공팔공구입니다.,29142834110809,,male,spk10,probe_cont_14,probe,-1,3.44,14,1,14,sentence,continuous
probe_00559_spk14.wav,output/probe_00559_spk14.wav,번호는 일사오삼공삼팔오육칠칠공공오입니다.,14530385677005,,female,spk14,probe_cont_14,probe,-1,4.56,14,1,14,sentence,continuous
probe_00563_spk04.wav,output/probe_00563_spk04.wav,번호는 오일칠칠칠삼구이육공삼공이구입니다.,51777392603029,,male,spk04,probe_cont_14,probe,-1,4.4,14,1,14,sentence,continuous
probe_00567_spk08.wav,output/probe_00567_spk08.wav,번호는 이일공삼팔팔육이구일이칠구구입니다.,21038862912799,,male,spk08,probe_cont_14,probe,-1,3.6,14,1,14,sentence,continuous
probe_00571_spk12.wav,output/probe_00571_spk12.wav,번호는 공육삼오육오일이육구사사팔육입니다.,06356512694486,,male,spk12,probe_cont_14,probe,-1,3.04,14,1,14,sentence,continuous
probe_00575_spk02.wav,output/probe_00575_spk02.wav,번호는 일사삼오일구공육육구팔사구공입니다.,14351906698490,,male,spk02,probe_cont_14,probe,-1,4.0,14,1,14,sentence,continuous
probe_00579_spk06.wav,output/probe_00579_spk06.wav,번호는 칠육구공사이육팔일팔일팔사오입니다.,76904268181845,,male,spk06,probe_cont_14,probe,-1,3.36,14,1,14,sentence,continuous
probe_00583_spk10.wav,output/probe_00583_spk10.wav,번호는 구사이삼칠삼삼삼사삼삼삼삼구입니다.,94237333433339,,male,spk10,probe_cont_14,probe,-1,4.64,14,1,14,sentence,continuous
probe_00587_spk14.wav,output/probe_00587_spk14.wav,번호는 삼육구일오오구사이팔사삼사칠입니다.,36915594284347,,female,spk14,probe_cont_14,probe,-1,3.92,14,1,14,sentence,continuous
probe_00591_spk04.wav,output/probe_00591_spk04.wav,번호는 육일이공삼사칠일칠오사오오팔입니다.,61203471754558,,male,spk04,probe_cont_14,probe,-1,3.76,14,1,14,sentence,continuous
probe_00595_spk08.wav,output/probe_00595_spk08.wav,번호는 사칠오구팔칠육이이공이삼사일입니다.,47598762202341,,male,spk08,probe_cont_14,probe,-1,4.32,14,1,14,sentence,continuous
probe_00599_spk12.wav,output/probe_00599_spk12.wav,번호는 구칠구육팔팔사오칠팔삼일칠사입니다.,97968845783174,,male,spk12,probe_cont_14,probe,-1,3.68,14,1,14,sentence,continuous
probe_00603_spk02.wav,output/probe_00603_spk02.wav,번호는 이이사일칠구칠사구칠삼오공이공팔입니다.,2241797497350208,,male,spk02,probe_cont_16,probe,-1,4.16,16,1,16,sentence,continuous
probe_00607_spk06.wav,output/probe_00607_spk06.wav,번호는 사오이공팔팔일사칠사삼오공삼일삼입니다.,4520881474350313,,male,spk06,probe_cont_16,probe,-1,4.08,16,1,16,sentence,continuous
probe_00611_spk10.wav,output/probe_00611_spk10.wav,번호는 칠삼구이팔오오칠사구팔이일팔이칠입니다.,7392855749821827,,male,spk10,probe_cont_16,probe,-1,3.44,16,1,16,sentence,continuous
probe_00615_spk14.wav,output/probe_00615_spk14.wav,번호는 사공오삼구일공삼칠일칠공오팔육오입니다.,4053910371705865,,female,spk14,probe_cont_16,probe,-1,4.8,16,1,16,sentence,continuous
probe_00619_spk04.wav,output/probe_00619_spk04.wav,번호는 구삼구팔삼육팔사오칠칠육공공사구입니다.,9398368457760049,,male,spk04,probe_cont_16,probe,-1,4.48,16,1,16,sentence,continuous
probe_00623_spk08.wav,output/probe_00623_spk08.wav,번호는 공오오육육일삼구공육공사팔공오팔입니다.,0556613906048058,,male,spk08,probe_cont_16,probe,-1,4.56,16,1,16,sentence,continuous
probe_00627_spk12.wav,output/probe_00627_spk12.wav,번호는 오구일일육육오오삼오오구공사이오입니다.,5911665535590425,,male,spk12,probe_cont_16,probe,-1,3.92,16,1,16,sentence,continuous
probe_00631_spk02.wav,output/probe_00631_spk02.wav,번호는 공칠공일육사오일공사육삼육팔일오입니다.,0701645104636815,,male,spk02,probe_cont_16,probe,-1,3.6,16,1,16,sentence,continuous
probe_00635_spk06.wav,output/probe_00635_spk06.wav,번호는 구오칠팔이삼이구팔삼이사팔이육이입니다.,9578232983248262,,male,spk06,probe_cont_16,probe,-1,3.68,16,1,16,sentence,continuous
probe_00639_spk10.wav,output/probe_00639_spk10.wav,번호는 삼삼공육공사육삼삼삼일이칠구칠오입니다.,3306046333127975,,male,spk10,probe_cont_16,probe,-1,3.44,16,1,16,sentence,continuous
probe_00643_spk14.wav,output/probe_00643_spk14.wav,번호는 이구팔이육육오칠공이칠구삼칠일사입니다.,2982665702793714,,female,spk14,probe_cont_16,probe,-1,4.72,16,1,16,sentence,continuous
probe_00647_spk04.wav,output/probe_00647_spk04.wav,번호는 칠칠육칠일구구공삼팔사구팔삼공이입니다.,7767199038498302,,male,spk04,probe_cont_16,probe,-1,4.64,16,1,16,sentence,continuous
probe_00651_spk08.wav,output/probe_00651_spk08.wav,번호는 일구팔일칠구사육구오사팔구구오이입니다.,1981794695489952,,male,spk08,probe_cont_16,probe,-1,4.72,16,1,16,sentence,continuous
probe_00655_spk12.wav,output/probe_00655_spk12.wav,번호는 칠공이칠이칠팔오칠육공팔사구오팔입니다.,7027278576084958,,male,spk12,probe_cont_16,probe,-1,4.4,16,1,16,sentence,continuous
probe_00659_spk02.wav,output/probe_00659_spk02.wav,번호는 칠팔사오이일팔이삼공칠육팔일공사입니다.,7845218230768104,,male,spk02,probe_cont_16,probe,-1,4.48,16,1,16,sentence,continuous
probe_00663_spk06.wav,output/probe_00663_spk06.wav,번호는 칠공이공칠공일육공일육육이구구칠입니다.,7020701601662997,,male,spk06,probe_cont_16,probe,-1,4.0,16,1,16,sentence,continuous
probe_00667_spk10.wav,output/probe_00667_spk10.wav,번호는 일사팔칠육구육삼구삼팔이칠육일오입니다.,1487696393827615,,male,spk10,probe_cont_16,probe,-1,4.0,16,1,16,sentence,continuous
probe_00671_spk14.wav,output/probe_00671_spk14.wav,번호는 사구사육오일구공구팔육이사공오팔입니다.,4946519098624058,,female,spk14,probe_cont_16,probe,-1,4.32,16,1,16,sentence,continuous
probe_00675_spk04.wav,output/probe_00675_spk04.wav,번호는 팔칠육오삼이육구공구칠삼팔사육팔입니다.,8765326909738468,,male,spk04,probe_cont_16,probe,-1,5.04,16,1,16,sentence,continuous
probe_00679_spk08.wav,output/probe_00679_spk08.wav,번호는 칠구이구공사구공사칠일이팔일사사입니다.,7929049047128144,,male,spk08,probe_cont_16,probe,-1,4.16,16,1,16,sentence,continuous
probe_00683_spk12.wav,output/probe_00683_spk12.wav,번호는 칠사이팔육공사칠육오팔공일팔오육입니다.,7428604765801856,,male,spk12,probe_cont_16,probe,-1,3.84,16,1,16,sentence,continuous
probe_00687_spk02.wav,output/probe_00687_spk02.wav,번호는 일이사사칠일칠사육오사이일사공육입니다.,1244717465421406,,male,spk02,probe_cont_16,probe,-1,4.32,16,1,16,sentence,continuous
probe_00691_spk06.wav,output/probe_00691_spk06.wav,번호는 팔삼공육칠일구팔오오사육공일오팔입니다.,8306719855460158,,male,spk06,probe_cont_16,probe,-1,4.08,16,1,16,sentence,continuous
probe_00695_spk10.wav,output/probe_00695_spk10.wav,번호는 공이칠공칠구공삼이공이공사일칠구입니다.,0270790320204179,,male,spk10,probe_cont_16,probe,-1,4.0,16,1,16,sentence,continuous
probe_00699_spk14.wav,output/probe_00699_spk14.wav,번호는 이일구사육칠이삼이사팔칠육삼이구입니다.,2194672324876329,,female,spk14,probe_cont_16,probe,-1,4.64,16,1,16,sentence,continuous
probe_00703_spk04.wav,output/probe_00703_spk04.wav,번호는 공삼일이 칠칠이이입니다.,0312-7722,,male,spk04,probe_grp4x2,probe,-1,2.72,8,2,4,sentence,grouped4
probe_00707_spk08.wav,output/probe_00707_spk08.wav,번호는 구오육삼 오삼일오입니다.,9563-5315,,male,spk08,probe_grp4x2,probe,-1,2.64,8,2,4,sentence,grouped4
probe_00711_spk12.wav,output/probe_00711_spk12.wav,번호는 사삼오이 공구공사입니다.,4352-0904,,male,spk12,probe_grp4x2,probe,-1,2.16,8,2,4,sentence,grouped4
probe_00715_spk02.wav,output/probe_00715_spk02.wav,번호는 사공육삼 삼오육구입니다.,4063-3569,,male,spk02,probe_grp4x2,probe,-1,3.92,8,2,4,sentence,grouped4
probe_00719_spk06.wav,output/probe_00719_spk06.wav,번호는 이오사삼 일공칠사입니다.,2543-1074,,male,spk06,probe_grp4x2,probe,-1,2.56,8,2,4,sentence,grouped4
probe_00723_spk10.wav,output/probe_00723_spk10.wav,번호는 삼일구오 공팔오공입니다.,3195-0850,,male,spk10,probe_grp4x2,probe,-1,2.4,8,2,4,sentence,grouped4
probe_00727_spk14.wav,output/probe_00727_spk14.wav,번호는 사팔육사 공일오오입니다.,4864-0155,,female,spk14,probe_grp4x2,probe,-1,2.96,8,2,4,sentence,grouped4
probe_00731_spk04.wav,output/probe_00731_spk04.wav,번호는 일이칠이 삼팔공사입니다.,1272-3804,,male,spk04,probe_grp4x2,probe,-1,2.64,8,2,4,sentence,grouped4
probe_00735_spk08.wav,output/probe_00735_spk08.wav,번호는 칠사구이 사이사삼입니다.,7492-4243,,male,spk08,probe_grp4x2,probe,-1,2.64,8,2,4,sentence,grouped4
probe_00739_spk12.wav,output/probe_00739_spk12.wav,번호는 사오이삼 팔공오오입니다.,4523-8055,,male,spk12,probe_grp4x2,probe,-1,2.96,8,2,4,sentence,grouped4
probe_00743_spk02.wav,output/probe_00743_spk02.wav,번호는 구칠오일 칠공이팔입니다.,9751-7028,,male,spk02,probe_grp4x2,probe,-1,2.48,8,2,4,sentence,grouped4
probe_00747_spk06.wav,output/probe_00747_spk06.wav,번호는 육삼칠오 구구팔공입니다.,6375-9980,,male,spk06,probe_grp4x2,probe,-1,2.32,8,2,4,sentence,grouped4
probe_00751_spk10.wav,output/probe_00751_spk10.wav,번호는 구구일이 삼사칠팔입니다.,9912-3478,,male,spk10,probe_grp4x2,probe,-1,2.4,8,2,4,sentence,grouped4
probe_00755_spk14.wav,output/probe_00755_spk14.wav,번호는 칠팔칠삼 공공이사입니다.,7873-0024,,female,spk14,probe_grp4x2,probe,-1,2.96,8,2,4,sentence,grouped4
probe_00759_spk04.wav,output/probe_00759_spk04.wav,번호는 구공사이 구공이오입니다.,9042-9025,,male,spk04,probe_grp4x2,probe,-1,2.24,8,2,4,sentence,grouped4
probe_00763_spk08.wav,output/probe_00763_spk08.wav,번호는 사오일팔 구오이공입니다.,4518-9520,,male,spk08,probe_grp4x2,probe,-1,2.88,8,2,4,sentence,grouped4
probe_00767_spk12.wav,output/probe_00767_spk12.wav,번호는 이공칠오 사오이칠입니다.,2075-4527,,male,spk12,probe_grp4x2,probe,-1,2.56,8,2,4,sentence,grouped4
probe_00771_spk02.wav,output/probe_00771_spk02.wav,번호는 일공팔구 공칠일사입니다.,1089-0714,,male,spk02,probe_grp4x2,probe,-1,2.96,8,2,4,sentence,grouped4
probe_00775_spk06.wav,output/probe_00775_spk06.wav,번호는 구일일구 공팔삼삼입니다.,9119-0833,,male,spk06,probe_grp4x2,probe,-1,2.72,8,2,4,sentence,grouped4
probe_00779_spk10.wav,output/probe_00779_spk10.wav,번호는 칠일팔이 칠오사팔입니다.,7182-7548,,male,spk10,probe_grp4x2,probe,-1,2.32,8,2,4,sentence,grouped4
probe_00783_spk14.wav,output/probe_00783_spk14.wav,번호는 육칠팔일 일이육육입니다.,6781-1266,,female,spk14,probe_grp4x2,probe,-1,2.8,8,2,4,sentence,grouped4
probe_00787_spk04.wav,output/probe_00787_spk04.wav,번호는 팔사이칠 일일사칠입니다.,8427-1147,,male,spk04,probe_grp4x2,probe,-1,2.8,8,2,4,sentence,grouped4
probe_00791_spk08.wav,output/probe_00791_spk08.wav,번호는 칠칠팔사 팔오팔팔입니다.,7784-8588,,male,spk08,probe_grp4x2,probe,-1,3.2,8,2,4,sentence,grouped4
probe_00795_spk12.wav,output/probe_00795_spk12.wav,번호는 칠팔팔구 칠칠팔이입니다.,7889-7782,,male,spk12,probe_grp4x2,probe,-1,2.88,8,2,4,sentence,grouped4
probe_00799_spk02.wav,output/probe_00799_spk02.wav,번호는 오오육오 공삼삼삼입니다.,5565-0333,,male,spk02,probe_grp4x2,probe,-1,2.64,8,2,4,sentence,grouped4
probe_00803_spk06.wav,output/probe_00803_spk06.wav,번호는 이구사오 육삼칠일 팔삼사사입니다.,2945-6371-8344,,male,spk06,probe_grp4x3,probe,-1,3.36,12,3,4,sentence,grouped4
probe_00807_spk10.wav,output/probe_00807_spk10.wav,번호는 팔이구칠 삼칠사팔 구육구공입니다.,8297-3748-9690,,male,spk10,probe_grp4x3,probe,-1,3.36,12,3,4,sentence,grouped4
probe_00811_spk14.wav,output/probe_00811_spk14.wav,번호는 사이공사 사팔이공 칠공공일입니다.,4204-4820-7001,,female,spk14,probe_grp4x3,probe,-1,3.6,12,3,4,sentence,grouped4
probe_00815_spk04.wav,output/probe_00815_spk04.wav,번호는 육사구공 칠팔오일 오팔육칠입니다.,6490-7851-5867,,male,spk04,probe_grp4x3,probe,-1,3.44,12,3,4,sentence,grouped4
probe_00819_spk08.wav,output/probe_00819_spk08.wav,번호는 일칠칠육 오육일이 사팔일오입니다.,1776-5612-4815,,male,spk08,probe_grp4x3,probe,-1,3.44,12,3,4,sentence,grouped4
probe_00823_spk12.wav,output/probe_00823_spk12.wav,번호는 오이육육 구삼공공 팔구삼일입니다.,5266-9300-8931,,male,spk12,probe_grp4x3,probe,-1,3.36,12,3,4,sentence,grouped4
probe_00827_spk02.wav,output/probe_00827_spk02.wav,번호는 육이육이 공사사삼 구칠삼오입니다.,6262-0443-9735,,male,spk02,probe_grp4x3,probe,-1,3.76,12,3,4,sentence,grouped4
probe_00831_spk06.wav,output/probe_00831_spk06.wav,번호는 구이사이 팔칠오칠 이일오팔입니다.,9242-8757-2158,,male,spk06,probe_grp4x3,probe,-1,2.96,12,3,4,sentence,grouped4
probe_00835_spk10.wav,output/probe_00835_spk10.wav,번호는 일칠공칠 오팔칠칠 칠일이일입니다.,1707-5877-7121,,male,spk10,probe_grp4x3,probe,-1,3.6,12,3,4,sentence,grouped4
probe_00839_spk14.wav,output/probe_00839_spk14.wav,번호는 사구공오 공구칠오 구이삼공입니다.,4905-0975-9230,,female,spk14,probe_grp4x3,probe,-1,3.6,12,3,4,sentence,grouped4
probe_00843_spk04.wav,output/probe_00843_spk04.wav,번호는 칠사구구 육일육오 구이육육입니다.,7499-6165-9266,,male,spk04,probe_grp4x3,probe,-1,3.6,12,3,4,sentence,grouped4
probe_00847_spk08.wav,output/probe_00847_spk08.wav,번호는 구사오사 구일팔공 일칠이이입니다.,9454-9180-1722,,male,spk08,probe_grp4x3,probe,-1,3.44,12,3,4,sentence,grouped4
probe_00851_spk12.wav,output/probe_00851_spk12.wav,번호는 육사일이 이공삼일 공삼공삼입니다.,6412-2031-0303,,male,spk12,probe_grp4x3,probe,-1,3.84,12,3,4,sentence,grouped4
probe_00855_spk02.wav,output/probe_00855_spk02.wav,번호는 팔사공칠 육칠팔구 구칠삼공입니다.,8407-6789-9730,,male,spk02,probe_grp4x3,probe,-1,3.76,12,3,4,sentence,grouped4
probe_00859_spk06.wav,output/probe_00859_spk06.wav,번호는 이구삼사 일칠이이 삼이구칠입니다.,2934-1722-3297,,male,spk06,probe_grp4x3,probe,-1,3.12,12,3,4,sentence,grouped4
probe_00863_spk10.wav,output/probe_00863_spk10.wav,번호는 공칠칠일 일구구일 팔공팔일입니다.,0771-1991-8081,,male,spk10,probe_grp4x3,probe,-1,3.68,12,3,4,sentence,grouped4
probe_00867_spk14.wav,output/probe_00867_spk14.wav,번호는 육육육칠 팔오공칠 이공팔일입니다.,6667-8507-2081,,female,spk14,probe_grp4x3,probe,-1,3.92,12,3,4,sentence,grouped4
probe_00871_spk04.wav,output/probe_00871_spk04.wav,번호는 일공팔오 육이팔팔 사삼일팔입니다.,1085-6288-4318,,male,spk04,probe_grp4x3,probe,-1,3.12,12,3,4,sentence,grouped4
probe_00875_spk08.wav,output/probe_00875_spk08.wav,번호는 사사구이 육팔삼일 오팔구삼입니다.,4492-6831-5893,,male,spk08,probe_grp4x3,probe,-1,3.6,12,3,4,sentence,grouped4
probe_00879_spk12.wav,output/probe_00879_spk12.wav,번호는 팔팔일삼 칠칠공이 팔오일구입니다.,8813-7702-8519,,male,spk12,probe_grp4x3,probe,-1,2.72,12,3,4,sentence,grouped4
probe_00883_spk02.wav,output/probe_00883_spk02.wav,번호는 사구칠오 육칠구이 이팔칠칠입니다.,4975-6792-2877,,male,spk02,probe_grp4x3,probe,-1,3.76,12,3,4,sentence,grouped4
probe_00887_spk06.wav,output/probe_00887_spk06.wav,번호는 팔이공사 삼삼구칠 일팔구오입니다.,8204-3397-1895,,male,spk06,probe_grp4x3,probe,-1,4.32,12,3,4,sentence,grouped4
probe_00891_spk10.wav,output/probe_00891_spk10.wav,번호는 일오이육 오사육일 공삼삼구입니다.,1526-5461-0339,,male,spk10,probe_grp4x3,probe,-1,3.76,12,3,4,sentence,grouped4
probe_00895_spk14.wav,output/probe_00895_spk14.wav,번호는 이삼팔육 팔칠공공 칠구사이입니다.,2386-8700-7942,,female,spk14,probe_grp4x3,probe,-1,3.84,12,3,4,sentence,grouped4
probe_00899_spk04.wav,output/probe_00899_spk04.wav,번호는 삼칠구오 공이공구 칠공공이입니다.,3795-0209-7002,,male,spk04,probe_grp4x3,probe,-1,3.6,12,3,4,sentence,grouped4
probe_00903_spk08.wav,output/probe_00903_spk08.wav,번호는 칠이팔삼 구구구이 일구이일 이사구삼입니다.,7283-9992-1921-2493,,male,spk08,probe_grp4x4,probe,-1,4.64,16,4,4,sentence,grouped4
probe_00907_spk12.wav,output/probe_00907_spk12.wav,번호는 칠육공구 오사삼일 칠삼오공 오팔삼일입니다.,7609-5431-7350-5831,,male,spk12,probe_grp4x4,probe,-1,3.92,16,4,4,sentence,grouped4
probe_00911_spk02.wav,output/probe_00911_spk02.wav,번호는 삼일일공 구일구삼 구이팔사 오육칠구입니다.,3110-9193-9284-5679,,male,spk02,probe_grp4x4,probe,-1,4.32,16,4,4,sentence,grouped4
probe_00915_spk06.wav,output/probe_00915_spk06.wav,번호는 사육오이 일칠공칠 삼공삼삼 칠구삼삼입니다.,4652-1707-3033-7933,,male,spk06,probe_grp4x4,probe,-1,5.52,16,4,4,sentence,grouped4
probe_00919_spk10.wav,output/probe_00919_spk10.wav,번호는 오이팔구 육일일이 이삼삼팔 육오오구입니다.,5289-6112-2338-6559,,male,spk10,probe_grp4x4,probe,-1,3.92,16,4,4,sentence,grouped4
probe_00923_spk14.wav,output/probe_00923_spk14.wav,번호는 삼사육육 구이오사 팔일이일 사칠팔오입니다.,3466-9254-8121-4785,,female,spk14,probe_grp4x4,probe,-1,4.32,16,4,4,sentence,grouped4
probe_00927_spk04.wav,output/probe_00927_spk04.wav,번호는 팔사공사 사오육육 구공칠팔 이육삼삼입니다.,8404-4566-9078-2633,,male,spk04,probe_grp4x4,probe,-1,4.48,16,4,4,sentence,grouped4
probe_00931_spk08.wav,output/probe_00931_spk08.wav,번호는 삼육일팔 육삼칠일 오구칠사 일이일팔입니다.,3618-6371-5974-1218,,male,spk08,probe_grp4x4,probe,-1,5.12,16,4,4,sentence,grouped4
probe_00935_spk12.wav,output/probe_00935_spk12.wav,번호는 공이칠일 육구삼팔 오구칠칠 칠구공일입니다.,0271-6938-5977-7901,,male,spk12,probe_grp4x4,probe,-1,3.92,16,4,4,sentence,grouped4
probe_00939_spk02.wav,output/probe_00939_spk02.wav,번호는 육삼육공 공사일이 오칠칠칠 일일팔삼입니다.,6360-0412-5777-1183,,male,spk02,probe_grp4x4,probe,-1,5.04,16,4,4,sentence,grouped4
probe_00943_spk06.wav,output/probe_00943_spk06.wav,번호는 오삼일삼 일이이공 육팔일오 오팔삼구입니다.,5313-1220-6815-5839,,male,spk06,probe_grp4x4,probe,-1,4.32,16,4,4,sentence,grouped4
probe_00947_spk10.wav,output/probe_00947_spk10.wav,번호는 구칠육팔 삼팔구공 삼공구일 사삼육삼입니다.,9768-3890-3091-4363,,male,spk10,probe_grp4x4,probe,-1,4.4,16,4,4,sentence,grouped4
probe_00951_spk14.wav,output/probe_00951_spk14.wav,번호는 일이구팔 삼삼팔일 육칠사이 삼삼육이입니다.,1298-3381-6742-3362,,female,spk14,probe_grp4x4,probe,-1,3.68,16,4,4,sentence,grouped4
probe_00955_spk04.wav,output/probe_00955_spk04.wav,번호는 삼공공팔 오칠육육 육오육칠 사구일육입니다.,3008-5766-6567-4916,,male,spk04,probe_grp4x4,probe,-1,4.56,16,4,4,sentence,grouped4
probe_00959_spk08.wav,output/probe_00959_spk08.wav,번호는 구사육일 일구오이 사삼육사 공이칠공입니다.,9461-1952-4364-0270,,male,spk08,probe_grp4x4,probe,-1,4.24,16,4,4,sentence,grouped4
probe_00963_spk12.wav,output/probe_00963_spk12.wav,번호는 공구공일 삼팔공육 구팔사칠 칠오구육입니다.,0901-3806-9847-7596,,male,spk12,probe_grp4x4,probe,-1,4.08,16,4,4,sentence,grouped4
probe_00967_spk02.wav,output/probe_00967_spk02.wav,번호는 사구삼이 팔구팔공 이칠일사 팔칠이칠입니다.,4932-8980-2714-8727,,male,spk02,probe_grp4x4,probe,-1,3.84,16,4,4,sentence,grouped4
probe_00971_spk06.wav,output/probe_00971_spk06.wav,번호는 오육구공 사공구팔 삼육육오 오이팔구입니다.,5690-4098-3665-5289,,male,spk06,probe_grp4x4,probe,-1,4.16,16,4,4,sentence,grouped4
probe_00975_spk10.wav,output/probe_00975_spk10.wav,번호는 육육일팔 사사삼팔 육일이오 구공사칠입니다.,6618-4438-6125-9047,,male,spk10,probe_grp4x4,probe,-1,4.0,16,4,4,sentence,grouped4
probe_00979_spk14.wav,output/probe_00979_spk14.wav,번호는 일일일일 칠팔삼공 구구구칠 사일구이입니다.,1111-7830-9997-4192,,female,spk14,probe_grp4x4,probe,-1,4.48,16,4,4,sentence,grouped4
probe_00983_spk04.wav,output/probe_00983_spk04.wav,번호는 이육공삼 사공팔사 팔칠이구 칠오팔오입니다.,2603-4084-8729-7585,,male,spk04,probe_grp4x4,probe,-1,3.92,16,4,4,sentence,grouped4
probe_00987_spk08.wav,output/probe_00987_spk08.wav,번호는 육공구삼 일사일팔 일팔육일 오일오오입니다.,6093-1418-1861-5155,,male,spk08,probe_grp4x4,probe,-1,4.48,16,4,4,sentence,grouped4
probe_00991_spk12.wav,output/probe_00991_spk12.wav,번호는 오삼구육 칠이칠오 칠팔사사 육팔삼사입니다.,5396-7275-7844-6834,,male,spk12,probe_grp4x4,probe,-1,3.6,16,4,4,sentence,grouped4
probe_00995_spk02.wav,output/probe_00995_spk02.wav,번호는 공육칠육 이오일오 삼팔일사 사칠사사입니다.,0676-2515-3814-4744,,male,spk02,probe_grp4x4,probe,-1,4.64,16,4,4,sentence,grouped4
probe_00999_spk06.wav,output/probe_00999_spk06.wav,번호는 팔사일칠 칠이이오 육공오삼 일삼사공입니다.,8417-7225-6053-1340,,male,spk06,probe_grp4x4,probe,-1,5.84,16,4,4,sentence,grouped4
probe_01003_spk10.wav,output/probe_01003_spk10.wav,팔칠이오.,8725,,male,spk10,probe_bare_4,probe,-1,0.96,4,1,4,bare,continuous
probe_01007_spk14.wav,output/probe_01007_spk14.wav,삼공오육.,3056,,female,spk14,probe_bare_4,probe,-1,1.36,4,1,4,bare,continuous
probe_01011_spk04.wav,output/probe_01011_spk04.wav,팔이삼사.,8234,,male,spk04,probe_bare_4,probe,-1,0.96,4,1,4,bare,continuous
probe_01015_spk08.wav,output/probe_01015_spk08.wav,이삼일이.,2312,,male,spk08,probe_bare_4,probe,-1,1.04,4,1,4,bare,continuous
probe_01019_spk12.wav,output/probe_01019_spk12.wav,육팔사삼.,6843,,male,spk12,probe_bare_4,probe,-1,0.88,4,1,4,bare,continuous
probe_01023_spk02.wav,output/probe_01023_spk02.wav,사오육삼.,4563,,male,spk02,probe_bare_4,probe,-1,1.36,4,1,4,bare,continuous
probe_01027_spk06.wav,output/probe_01027_spk06.wav,일육이사.,1624,,male,spk06,probe_bare_4,probe,-1,0.88,4,1,4,bare,continuous
probe_01031_spk10.wav,output/probe_01031_spk10.wav,구팔구오.,9895,,male,spk10,probe_bare_4,probe,-1,0.72,4,1,4,bare,continuous
probe_01035_spk14.wav,output/probe_01035_spk14.wav,삼삼칠일.,3371,,female,spk14,probe_bare_4,probe,-1,1.28,4,1,4,bare,continuous
probe_01039_spk04.wav,output/probe_01039_spk04.wav,육팔사팔.,6848,,male,spk04,probe_bare_4,probe,-1,1.28,4,1,4,bare,continuous
probe_01043_spk08.wav,output/probe_01043_spk08.wav,공삼육칠팔팔.,036788,,male,spk08,probe_bare_6,probe,-1,1.84,6,1,6,bare,continuous
probe_01047_spk12.wav,output/probe_01047_spk12.wav,팔칠팔팔사사.,878844,,male,spk12,probe_bare_6,probe,-1,1.28,6,1,6,bare,continuous
probe_01051_spk02.wav,output/probe_01051_spk02.wav,삼팔일공오구.,381059,,male,spk02,probe_bare_6,probe,-1,1.44,6,1,6,bare,continuous
probe_01055_spk06.wav,output/probe_01055_spk06.wav,팔구일육사구.,891649,,male,spk06,probe_bare_6,probe,-1,1.36,6,1,6,bare,continuous
probe_01059_spk10.wav,output/probe_01059_spk10.wav,이칠이이삼구.,272239,,male,spk10,probe_bare_6,probe,-1,1.68,6,1,6,bare,continuous
probe_01063_spk14.wav,output/probe_01063_spk14.wav,팔이공구일육.,820916,,female,spk14,probe_bare_6,probe,-1,1.52,6,1,6,bare,continuous
probe_01067_spk04.wav,output/probe_01067_spk04.wav,이칠구칠이사.,279724,,male,spk04,probe_bare_6,probe,-1,1.44,6,1,6,bare,continuous
probe_01071_spk08.wav,output/probe_01071_spk08.wav,공삼공삼육육.,030366,,male,spk08,probe_bare_6,probe,-1,1.84,6,1,6,bare,continuous
probe_01075_spk12.wav,output/probe_01075_spk12.wav,일공구이이육.,109226,,male,spk12,probe_bare_6,probe,-1,1.12,6,1,6,bare,continuous
probe_01079_spk02.wav,output/probe_01079_spk02.wav,이오이육칠칠.,252677,,male,spk02,probe_bare_6,probe,-1,1.68,6,1,6,bare,continuous
probe_01083_spk06.wav,output/probe_01083_spk06.wav,칠팔팔칠팔팔삼육.,78878836,,male,spk06,probe_bare_8,probe,-1,1.6,8,1,8,bare,continuous
probe_01087_spk10.wav,output/probe_01087_spk10.wav,팔육삼삼삼공이일.,86333021,,male,spk10,probe_bare_8,probe,-1,2.64,8,1,8,bare,continuous
probe_01091_spk14.wav,output/probe_01091_spk14.wav,칠이팔사칠육오칠.,72847657,,female,spk14,probe_bare_8,probe,-1,2.08,8,1,8,bare,continuous
probe_01095_spk04.wav,output/probe_01095_spk04.wav,팔육이삼육구공삼.,86236903,,male,spk04,probe_bare_8,probe,-1,1.76,8,1,8,bare,continuous
probe_01099_spk08.wav,output/probe_01099_spk08.wav,사이팔일일삼구공.,42811390,,male,spk08,probe_bare_8,probe,-1,1.84,8,1,8,bare,continuous
probe_01103_spk12.wav,output/probe_01103_spk12.wav,오육오이일오육팔.,56521568,,male,spk12,probe_bare_8,probe,-1,1.44,8,1,8,bare,continuous
probe_01107_spk02.wav,output/probe_01107_spk02.wav,칠이오사오구육공.,72545960,,male,spk02,probe_bare_8,probe,-1,1.84,8,1,8,bare,continuous
probe_01111_spk06.wav,output/probe_01111_spk06.wav,구오오일일이칠사.,95511274,,male,spk06,probe_bare_8,probe,-1,1.68,8,1,8,bare,continuous
probe_01115_spk10.wav,output/probe_01115_spk10.wav,사공구공삼팔공이.,40903802,,male,spk10,probe_bare_8,probe,-1,1.68,8,1,8,bare,continuous
probe_01119_spk14.wav,output/probe_01119_spk14.wav,오일오오구칠삼칠.,51559737,,female,spk14,probe_bare_8,probe,-1,2.16,8,1,8,bare,continuous
probe_01123_spk04.wav,output/probe_01123_spk04.wav,육일사칠육팔삼사이공.,6147683420,,male,spk04,probe_bare_10,probe,-1,2.24,10,1,10,bare,continuous
probe_01127_spk08.wav,output/probe_01127_spk08.wav,칠오일육사팔공칠이칠.,7516480727,,male,spk08,probe_bare_10,probe,-1,2.56,10,1,10,bare,continuous
probe_01131_spk12.wav,output/probe_01131_spk12.wav,육팔오일이칠육오이팔.,6851276528,,male,spk12,probe_bare_10,probe,-1,2.08,10,1,10,bare,continuous
probe_01135_spk02.wav,output/probe_01135_spk02.wav,팔육일삼칠일오칠육육.,8613715766,,male,spk02,probe_bare_10,probe,-1,2.72,10,1,10,bare,continuous
probe_01139_spk06.wav,output/probe_01139_spk06.wav,공구육이육이육오팔이.,0962626582,,male,spk06,probe_bare_10,probe,-1,1.92,10,1,10,bare,continuous
probe_01143_spk10.wav,output/probe_01143_spk10.wav,이삼삼사삼팔삼육사공.,2334383640,,male,spk10,probe_bare_10,probe,-1,2.08,10,1,10,bare,continuous
probe_01147_spk14.wav,output/probe_01147_spk14.wav,육오칠이이사공이구구.,6572240299,,female,spk14,probe_bare_10,probe,-1,2.32,10,1,10,bare,continuous
probe_01151_spk04.wav,output/probe_01151_spk04.wav,이사사칠삼일오팔사칠.,2447315847,,male,spk04,probe_bare_10,probe,-1,2.48,10,1,10,bare,continuous
probe_01155_spk08.wav,output/probe_01155_spk08.wav,오오일칠이공팔사구육.,5517208496,,male,spk08,probe_bare_10,probe,-1,2.32,10,1,10,bare,continuous
probe_01159_spk12.wav,output/probe_01159_spk12.wav,일육사구삼팔삼일팔사.,1649383184,,male,spk12,probe_bare_10,probe,-1,2.48,10,1,10,bare,continuous
probe_01163_spk02.wav,output/probe_01163_spk02.wav,팔공오공일칠일육사사오오.,805017164455,,male,spk02,probe_bare_12,probe,-1,2.48,12,1,12,bare,continuous
probe_01167_spk06.wav,output/probe_01167_spk06.wav,일사오구육사이이구칠일이.,145964229712,,male,spk06,probe_bare_12,probe,-1,2.4,12,1,12,bare,continuous
probe_01171_spk10.wav,output/probe_01171_spk10.wav,오삼구팔팔오사칠이팔일이.,539885472812,,male,spk10,probe_bare_12,probe,-1,2.56,12,1,12,bare,continuous
probe_01175_spk14.wav,output/probe_01175_spk14.wav,삼이육팔육팔오공칠사오일.,326868507451,,female,spk14,probe_bare_12,probe,-1,2.8,12,1,12,bare,continuous
probe_01179_spk04.wav,output/probe_01179_spk04.wav,삼사칠삼이삼오사구사공일.,347323549401,,male,spk04,probe_bare_12,probe,-1,2.8,12,1,12,bare,continuous
probe_01183_spk08.wav,output/probe_01183_spk08.wav,사삼팔팔이이일일사오칠칠.,438822114577,,male,spk08,probe_bare_12,probe,-1,2.64,12,1,12,bare,continuous
probe_01187_spk12.wav,output/probe_01187_spk12.wav,칠팔이사오오육구육사사삼.,782455696443,,male,spk12,probe_bare_12,probe,-1,2.4,12,1,12,bare,continuous
probe_01191_spk02.wav,output/probe_01191_spk02.wav,사공육오공공사이오사팔팔.,406500425488,,male,spk02,probe_bare_12,probe,-1,3.2,12,1,12,bare,continuous
probe_01195_spk06.wav,output/probe_01195_spk06.wav,일사구칠팔이육육일이팔칠.,149782661287,,male,spk06,probe_bare_12,probe,-1,3.2,12,1,12,bare,continuous
probe_01199_spk10.wav,output/probe_01199_spk10.wav,일공사일오구일사구칠오공.,104159149750,,male,spk10,probe_bare_12,probe,-1,2.48,12,1,12,bare,continuous
probe_01203_spk14.wav,output/probe_01203_spk14.wav,사구칠구일육이공이이삼이팔팔.,49791620223288,,female,spk14,probe_bare_14,probe,-1,2.72,14,1,14,bare,continuous
probe_01207_spk04.wav,output/probe_01207_spk04.wav,팔육팔일이이오구오칠이사사육.,86812259572446,,male,spk04,probe_bare_14,probe,-1,2.64,14,1,14,bare,continuous
probe_01211_spk08.wav,output/probe_01211_spk08.wav,오구공이오일칠육이구팔삼삼사.,59025176298334,,male,spk08,probe_bare_14,probe,-1,3.04,14,1,14,bare,continuous
probe_01215_spk12.wav,output/probe_01215_spk12.wav,일이팔사일일칠삼공구팔오공삼.,12841173098503,,male,spk12,probe_bare_14,probe,-1,2.96,14,1,14,bare,continuous
probe_01219_spk02.wav,output/probe_01219_spk02.wav,오일육구구일팔칠이사공일공칠.,51699187240107,,male,spk02,probe_bare_14,probe,-1,2.96,14,1,14,bare,continuous
probe_01223_spk06.wav,output/probe_01223_spk06.wav,팔구공공삼공일공이칠이사공오.,89003010272405,,male,spk06,probe_bare_14,probe,-1,3.04,14,1,14,bare,continuous
probe_01227_spk10.wav,output/probe_01227_spk10.wav,삼일오이공삼칠칠일공칠공사사.,31520377107044,,male,spk10,probe_bare_14,probe,-1,3.52,14,1,14,bare,continuous
probe_01231_spk14.wav,output/probe_01231_spk14.wav,칠육구구팔사이육칠삼이공사사.,76998426732044,,female,spk14,probe_bare_14,probe,-1,3.12,14,1,14,bare,continuous
probe_01235_spk04.wav,output/probe_01235_spk04.wav,이사사사칠이삼이이구공삼일공.,24447232290310,,male,spk04,probe_bare_14,probe,-1,2.72,14,1,14,bare,continuous
probe_01239_spk08.wav,output/probe_01239_spk08.wav,칠사구공이오공사이구공일구삼.,74902504290193,,male,spk08,probe_bare_14,probe,-1,3.52,14,1,14,bare,continuous
probe_01243_spk12.wav,output/probe_01243_spk12.wav,팔일오칠구삼칠육삼구이팔삼육구이.,8157937639283692,,male,spk12,probe_bare_16,probe,-1,3.28,16,1,16,bare,continuous
probe_01247_spk02.wav,output/probe_01247_spk02.wav,공일오칠육칠육사칠이이구팔일이공.,0157676472298120,,male,spk02,probe_bare_16,probe,-1,3.12,16,1,16,bare,continuous
probe_01251_spk06.wav,output/probe_01251_spk06.wav,사사구일삼사이일삼팔팔이공구공팔.,4491342138820908,,male,spk06,probe_bare_16,probe,-1,3.36,16,1,16,bare,continuous
probe_01255_spk10.wav,output/probe_01255_spk10.wav,이구육삼삼사칠이칠이칠사이삼일팔.,2963347272742318,,male,spk10,probe_bare_16,probe,-1,2.8,16,1,16,bare,continuous
probe_01259_spk14.wav,output/probe_01259_spk14.wav,칠칠구육삼공사사팔삼육공팔오사오.,7796304483608545,,female,spk14,probe_bare_16,probe,-1,3.2,16,1,16,bare,continuous
probe_01263_spk04.wav,output/probe_01263_spk04.wav,오육삼팔삼공공공팔일팔육칠공이사.,5638300081867024,,male,spk04,probe_bare_16,probe,-1,3.52,16,1,16,bare,continuous
probe_01267_spk08.wav,output/probe_01267_spk08.wav,사팔팔삼육공칠육오팔일칠삼구공육.,4883607658173906,,male,spk08,probe_bare_16,probe,-1,3.92,16,1,16,bare,continuous
probe_01271_spk12.wav,output/probe_01271_spk12.wav,칠팔팔일일육일육이공이팔일이삼칠.,7881161620281237,,male,spk12,probe_bare_16,probe,-1,2.72,16,1,16,bare,continuous
probe_01275_spk02.wav,output/probe_01275_spk02.wav,사삼삼일팔칠오일공구칠구이일오팔.,4331875109792158,,male,spk02,probe_bare_16,probe,-1,3.36,16,1,16,bare,continuous
probe_01279_spk06.wav,output/probe_01279_spk06.wav,공오일공이팔칠육칠오사팔일삼팔육.,0510287675481386,,male,spk06,probe_bare_16,probe,-1,2.88,16,1,16,bare,continuous
